,minio/minio,ceph/ceph,seaweedfs/seaweedfs
2018-12-31,1.0,8.0,5.0
2019-01-01,-0.10000000000000009,17.0,2.0
2019-01-02,0.955,36.0,7.0
2019-01-03,-0.12850000000000011,109.0,-2.08
2019-01-04,0.9343375,105.0,1.0479999999999992
2019-01-05,0.8553832499999999,5.0,1.9875199999999997
2019-01-06,-0.1788245125,5.0,3.792448
2019-01-07,0.8992895537500001,18.0,0.31379199999999985
2019-01-08,1.828107174484375,38.0,-0.29734912000000024
2019-01-09,3.6987282012140623,38.0,2.007204352
2019-01-10,2.4426529244843747,33.0,5.7860246528
2019-01-11,0.40968293871406225,54.0,-1.0777746431999997
2019-01-12,-0.42710375926562505,15.0,-0.17037158400000063
2019-01-13,-0.2765126780515621,3.0,1.0640709631999998
2019-01-14,1.799228926214063,44.0,-1.0034368511999996
2019-01-15,2.6465834944843754,49.0,1.4103127039999999
2019-01-16,7.482486948932813,52.0,2.2117558272
2019-01-17,1.9064859416156246,31.0,1.9527156736000002
2019-01-18,1.1397809545593747,57.0,5.8374504448
2019-01-19,-0.6919858706234375,8.0,-2.0106574848
2019-01-20,4.576126872464063,17.0,-0.9165825024000006
2019-01-21,0.1904050700000004,13.0,-0.5955103744000001
2019-01-22,4.42761093521875,13.0,2.5681134592
2019-01-23,5.10652824838125,68.0,1.080406016
2019-01-24,1.8818393245171876,31.0,-0.9018835968
2019-01-25,1.068170598165625,54.0,1.4969417728
2019-01-26,-0.7355724961390622,27.0,3.2650779648000006
2019-01-27,-0.4654869488218742,23.0,-1.1910934527999997
2019-01-28,0.6595666761718759,35.0,4.4716416
2019-01-29,5.624321618054688,42.0,-1.35083776
2019-01-30,4.1604778673859375,39.0,-0.6624885760000003
2019-01-31,2.042490745476562,85.0,-0.44918507520000006
2019-02-01,3.1820520532375,33.0,-0.3085073408000001
2019-02-02,0.13807506636093758,18.0,-0.22416230399999998
2019-02-03,-0.5954727175718745,17.0,-0.18463354879999974
2019-02-04,0.6083629787500007,19.0,-0.1345110015999999
2019-02-05,3.5985591969843758,29.0,-0.0719385599999997
2019-02-06,6.309107250620313,24.0,1.9376532480000002
2019-02-07,0.8912194309562498,123.0,-0.3999999999999999
2019-02-08,0.2221015007734375,31.0,-0.16000000000000014
2019-02-09,3.4371697440796876,5.0,2.904
2019-02-10,1.2325697643406255,1.0,1.3328000000000002
2019-02-11,2.365217151214063,31.0,-0.6910720000000001
2019-02-12,6.297026814484375,61.0,-0.34485760000000026
2019-02-13,3.8585812466515623,82.0,-0.2306534400000001
2019-02-14,1.8577849937468751,57.0,1.827416576
2019-02-15,1.0396086599671877,40.0,4.4627028992
2019-02-16,0.23244742191250056,23.0,2.74836224
2019-02-17,-0.5999752845984367,8.0,-1.3730165760000002
2019-02-18,-0.42271846242499905,28.0,2.3066165248
2019-02-19,0.6928561696312507,68.0,5.9639892992
2019-02-20,4.659974732532813,63.0,2.0570624
2019-02-21,3.2726446034203125,119.0,-1.7421414400000006
2019-02-22,-0.7595486067265628,39.0,-0.9519242240000005
2019-02-23,1.6014106201109375,8.0,-0.6683921408
2019-02-24,1.5402047319125003,3.0,-0.4943359999999998
2019-02-25,1.525205384964063,55.0,5.6541968384
2019-02-26,2.51162924125,25.0,0.5566346240000004
2019-02-27,3.3939901557343752,49.0,0.9141710848000002
2019-02-28,2.2338262973859377,54.0,1.0071636992000004
2019-03-01,0.25434996025781254,59.0,-0.9074774016
2019-03-02,-0.5253278276437497,11.0,0.5235839999999996
2019-03-03,0.6708517064687505,8.0,0.4631551999999999
2019-03-04,0.6474377388968756,40.0,4.45931008
2019-03-05,3.6641237801468756,27.0,-1.3401093119999996
2019-03-06,3.38101978338125,28.0,2.3400974336
2019-03-07,1.2609245890796874,41.0,-0.9867035647999999
2019-03-08,1.3958267045593749,46.0,-0.5076789248000001
2019-03-09,0.44930636687656267,14.0,0.6660257791999998
2019-03-10,-0.4267715612859371,27.0,-0.434258432
2019-03-11,-0.2811020592656245,42.0,4.7319013376
2019-03-12,0.7829514994484381,52.0,-1.1936943103999995
2019-03-13,1.729733085401563,34.0,-0.5467269120000002
2019-03-14,5.61850317029375,29.0,1.691300864
2019-03-15,-0.8065814411750004,81.0,6.3741631488
2019-03-16,-0.39469052735312504,29.0,3.29539328
2019-03-17,1.7451922319125002,10.0,-1.7725317120000004
2019-03-18,2.6222306349640627,21.0,7.0996970496
2019-03-19,2.47588177875,31.0,0.8017894400000003
2019-03-20,3.3972722194843747,94.0,8.310043647999999
2019-03-21,2.2440773439328123,109.0,-0.9285350400000003
2019-03-22,-0.7339285831656249,88.0,-1.862206464000001
2019-03-23,0.5639451097843754,9.0,3.8446257152
2019-03-24,-0.3781736799999995,6.0,-1.8312624127999995
2019-03-25,6.736641747718751,45.0,2.0183930879999994
2019-03-26,1.0917179671312498,51.0,4.738758144
2019-03-27,3.3265751808453126,36.0,0.03895726080000039
2019-03-28,0.19763235157968717,29.0,1.6331813888000002
2019-03-29,-0.5570998616906245,162.0,-1.4044129279999997
2019-03-30,-0.349432503857812,6.0,1.2762196991999997
2019-03-31,0.7549140994843757,4.0,4.1023590400000005
2019-04-01,0.7024917487140631,27.0,1.4524282880000001
2019-04-02,4.697069616390626,49.0,0.6418109439999997
2019-04-03,1.2910346087171873,49.0,-0.1660741631999998
2019-04-04,4.459672846615625,36.0,0.12255631359999997
2019-04-05,1.1875570268406246,63.0,10.2865605632
2019-04-06,-0.6229901150359374,4.0,14.3547865088
2019-04-07,-0.37866445874999966,7.0,-1.587367424
2019-04-08,1.7209819282343757,62.0,-1.7356510208000007
2019-04-09,3.578331578198438,40.0,10.189071872
2019-04-10,2.3335286273859377,17.0,-1.5796349951999997
2019-04-11,-0.6799233949609376,37.0,7.776118067199999
2019-04-12,3.6228483373500002,54.0,-0.40654858240000014
2019-04-13,0.3384856112890626,21.0,-2.4445108224000003
2019-04-14,-0.44957623007187464,8.0,-1.5465949183999994
2019-04-15,-0.28218569249999975,23.0,1.9517135872000004
2019-04-16,-0.21414744853124942,55.0,12.7480659968
2019-04-17,1.8265184541156256,46.0,-1.539871334399999
2019-04-18,6.668934850809375,27.0,1.9270387711999994
2019-04-19,0.1272666448921871,13.0,7.0476040192
2019-04-20,-0.5213669483125002,13.0,1.0691353600000006
2019-04-21,-0.32898872315937494,2.0,9.764601548799998
2019-04-22,1.7862301474640632,34.0,-2.67425536
2019-04-23,2.6401962250000004,33.0,-2.0775388160000015
2019-04-24,1.47956177,58.0,7.6253713408
2019-04-25,0.49804548771875,48.0,1.1917435904000007
2019-04-26,1.5883054075687502,23.0,-0.17657722880000026
2019-04-27,0.5354187192328128,7.0,-1.6697552896
2019-04-28,-0.34289812753593724,35.0,-1.0477244416
2019-04-29,3.78343057,45.0,2.3003193344000006
2019-04-30,0.43531651021875006,28.0,2.8827768832000005
2019-05-01,1.5862519508812503,95.0,-1.3375970304000002
2019-05-02,4.543132345110937,28.0,0.2979461120000001
2019-05-03,1.2371345769125,13.0,6.303571558400001
2019-05-04,-0.6057586748171875,6.0,6.230339174400001
2019-05-05,-0.3689558180874998,4.0,-1.3963691008000003
2019-05-06,0.7415183499640632,47.0,11.65790464
2019-05-07,3.7024002766875004,40.0,-2.435606016
2019-05-08,-0.6083946781593749,39.0,-1.8509396992000007
2019-05-09,0.6821720151828127,54.0,-1.1516937216000005
2019-05-10,0.6785108373500002,45.0,0.1933588479999997
2019-05-11,0.6951023612890629,3.0,1.1654061056000002
2019-05-12,0.7320732824281251,4.0,0.009575731200000548
2019-05-13,1.7420957537500001,32.0,-0.7626186751999999
2019-05-14,3.635777651984375,18.0,-0.42603632639999933
2019-05-15,0.38488663290156233,13.0,3.6827747328000005
2019-05-16,2.56836963110625,8.0,0.08242984960000022
2019-05-17,1.4497342282343748,11.0,2.3966796799999996
2019-05-18,-0.5206063743015623,0.0,4.059330048
2019-05-19,-0.3160143868015622,2.0,1.5194285056
2019-05-20,0.772093141948438,6.0,4.6809295872
2019-05-21,-0.27474752606718705,19.0,-1.9005205504000002
2019-05-22,6.817115809115625,3.0,0.04325631999999935
2019-05-23,0.16873116309062464,13.0,2.147756032
2019-05-24,0.5050463159171874,8.0,3.8246027264
2019-05-25,-0.4049499336390626,1.0,0.35723151359999994
2019-05-26,-0.24809721757187447,1.0,4.7397004288
2019-05-27,-0.17307344624999954,16.0,0.06659379200000015
2019-05-28,1.8615183494843754,37.0,6.635228876799999
2019-05-29,5.684666511214063,58.0,0.6040907776000002
2019-05-30,2.2187661001406247,43.0,4.244016127999999
2019-05-31,2.293546022982812,35.0,1.7744603135999997
2019-06-01,0.3347078344484372,2.0,2.9903551488
2019-06-02,-0.4851073525359372,1.0,-2.146628096
2019-06-03,3.6844879750000006,43.0,2.8212431871999994
2019-06-04,3.3600027825000005,48.0,3.3720923136
2019-06-05,0.22580240896875015,43.0,8.0964626432
2019-06-06,0.4429085405843751,39.0,1.9541265408000004
2019-06-07,1.5328088444875005,19.0,-1.4679852032000005
2019-06-08,0.514387807095313,19.0,-1.5671445504000003
2019-06-09,1.608957579376563,5.0,-0.9872111616000001
2019-06-10,0.5557990624640626,13.0,-0.7035576320000002
2019-06-11,4.6282482004375005,44.0,4.492247552
2019-06-12,3.24897962904375,43.0,-1.4187631615999994
2019-06-13,1.208476805590625,22.0,0.2887137280000004
2019-06-14,-0.6287125705515626,40.0,2.3464412160000006
2019-06-15,4.611617550182813,6.0,0.0752655360000003
2019-06-16,-0.7819491730874997,2.0,2.3718506496
2019-06-17,0.564768762682813,18.0,2.040256
2019-06-18,2.5907839506625003,26.0,-0.09896960000000021
2019-06-19,2.424748272385938,34.0,-0.7865753600000001
2019-06-20,2.3534613427578126,46.0,4.509104128
2019-06-21,3.340295401325,31.0,8.688995328
2019-06-22,-0.770870436321875,4.0,4.3559463936
2019-06-23,0.5631586724218753,7.0,6.3706016768
2019-06-24,1.583088253570313,57.0,-1.1348414464000003
2019-06-25,4.541664310734376,28.0,-1.0171779072000007
2019-06-26,0.20716208216718746,23.0,1.5635002367999995
2019-06-27,5.457506864595313,22.0,1.4414570495999997
2019-06-28,-0.9432180316546876,25.0,1.43076864
2019-06-29,0.489322177829688,21.0,-0.5772421119999995
2019-06-30,-0.44325938139374965,6.0,0.8710584320000003
2019-07-01,0.7173424819843758,22.0,2.9275348992000008
2019-07-02,0.678633527682813,116.0,-1.4046206975999995
2019-07-03,4.6796324586,36.0,5.3223990271999995
2019-07-04,0.2922584968046873,25.0,-1.6524350463999997
2019-07-05,6.546866756870313,32.0,-0.8172521472000003
2019-07-06,1.0142339385343746,1.0,-0.5284995072
2019-07-07,-0.685659575515625,3.0,-0.36896440319999996
2019-07-08,0.5765991887140627,33.0,3.7378323456
2019-07-09,1.5957736782343757,38.0,-1.0050623487999997
2019-07-10,4.514260090698438,36.0,0.5285622783999998
2019-07-11,3.1897982986359374,27.0,2.521673728
2019-07-12,3.1417950255546874,50.0,-0.8892161023999998
2019-07-13,0.12249381385468738,17.0,-0.39014400000000027
2019-07-14,-0.620636606282812,0.0,-0.2593152000000002
2019-07-15,2.6235508236781255,33.0,0.80595712
2019-07-16,0.4268172319843755,49.0,0.6454123520000002
2019-07-17,3.544218490182813,49.0,2.5919094784
2019-07-18,2.2917211448500003,25.0,4.206832128
2019-07-19,1.2917081877578127,56.0,-1.3772324863999998
2019-07-20,1.3990248915437502,11.0,-0.6405440512000004
2019-07-21,0.44308348934062525,1.0,6.6132352
2019-07-22,-0.4282964537859371,52.0,2.31803648
2019-07-23,4.7158780647031255,33.0,-1.5802808320000004
2019-07-24,3.2793158068765624,33.0,3.1642187775999995
2019-07-25,4.215826781651563,61.0,0.6325339136000001
2019-07-26,3.0505714833093744,66.0,-0.14249861119999996
2019-07-27,-0.9219950886390625,10.0,-0.8594923520000002
2019-07-28,0.4672382226468754,7.0,1.4893977599999997
2019-07-29,1.5260444194125007,156.0,-0.7857648639999997
2019-07-30,1.475250866214063,45.0,0.5287764992000002
2019-07-31,3.459006587421875,53.0,3.5200221184
2019-08-01,4.243953454007813,38.0,1.9409669120000004
2019-08-02,3.079746489778125,27.0,-1.1146515456
2019-08-03,-0.9059880272421876,70.0,-0.5457840128000002
2019-08-04,-0.5083966313937497,5.0,-0.3502587904000002
2019-08-05,2.6601407694843755,48.0,1.747851776
2019-08-06,0.4343953289328131,65.0,0.3998113792000001
2019-08-07,1.5544138213968755,34.0,-0.5033809920000001
2019-08-08,2.5063125116156253,44.0,-0.2968003583999999
2019-08-09,2.393700739778125,26.0,0.7917594624000003
2019-08-10,2.3587197352578126,0.0,1.6779199488
2019-08-11,0.34897680235624995,3.0,-0.5463936
2019-08-12,1.5388358987500004,41.0,0.7377177599999998
2019-08-13,8.493039589703125,23.0,-0.37530214399999995
2019-08-14,3.774723949376562,22.0,0.7879375872000001
2019-08-15,1.868684645182812,58.0,3.6680298496
2019-08-16,-0.9572115203687501,36.0,1.0286156800000001
2019-08-17,0.40395940209531334,5.0,-0.8417771520000001
2019-08-18,-0.5251824679046866,1.0,-0.44727357440000015
2019-08-19,3.6370183743765634,52.0,1.7021985791999998
2019-08-20,0.32996094268281284,49.0,-0.604160512
2019-08-21,5.501470459037501,28.0,1.6778167296
2019-08-22,1.0681709233484373,31.0,-0.618952192
2019-08-23,2.3349887857734375,97.0,3.6689263616
2019-08-24,0.3175802461421874,23.0,-1.0257248255999998
2019-08-25,0.5056918869843755,10.0,-0.45299630080000025
2019-08-26,-0.43446115003593705,46.0,0.7230745599999998
2019-08-27,0.7039399766875006,54.0,-0.4040330239999999
2019-08-28,3.6664373243406256,81.0,-0.2409361408000001
2019-08-29,2.3907385893703124,22.0,-0.15849062399999997
2019-08-30,3.359410407503125,40.0,7.8737544192
2019-08-31,2.2605791471312497,2.0,-1.6830868479999994
2019-09-01,0.2898746831265625,0.0,1.2896937983999996
2019-09-02,-0.5065836780515622,15.0,3.19907328
2019-09-03,0.6663591512140631,44.0,11.756812287999999
2019-09-04,1.6516163644843755,36.0,-0.2327573504
2019-09-05,5.553386006651563,62.0,6.9373695999999985
2019-09-06,0.11922207830937481,42.0,1.01511424
2019-09-07,-0.5575754109203124,5.0,-2.3589032960000003
2019-09-08,0.6531642045593753,2.0,-1.4000914432000005
2019-09-09,0.667364616876563,42.0,1.0669352959999996
2019-09-10,2.691820426214063,49.0,0.8719526912000002
2019-09-11,5.499655469484375,68.0,1.8662989824000007
2019-09-12,7.108577831432813,40.0,1.7046796288000006
2019-09-13,1.7224194705843745,114.0,-0.23780433919999955
2019-09-14,-0.9822276907312502,6.0,1.1279529984
2019-09-15,-0.5679798112859371,6.0,-0.8666070016
2019-09-16,4.592351453234376,64.0,1.5398809599999996
2019-09-17,6.1788581706984385,51.0,-0.7301232639999999
2019-09-18,3.8176876809171874,68.0,-0.41851668480000004
2019-09-19,1.8316579567984372,44.0,1.7136172032
2019-09-20,4.0119667919093756,25.0,0.3944444928000004
2019-09-21,-1.0986170093343746,3.0,-0.4967212032
2019-09-22,4.382363629892188,27.0,-0.2581023744
2019-09-23,5.06732618125,35.0,-0.17399214080000003
2019-09-24,0.8320297486718755,34.0,-0.11344742399999991
2019-09-25,4.102989277460938,41.0,-0.09133230079999997
2019-09-26,3.929962815920313,52.0,-0.05428224000000003
2019-09-27,3.887273567023438,61.0,-0.04570214399999989
2019-09-28,-1.1443736851859374,35.0,-0.03932641279999987
2019-09-29,-0.6794808189296868,14.0,3.9875306496
2019-09-30,3.532875982421876,37.0,-0.7999999999999998
2019-10-01,10.228702154226564,53.0,1.6799999999999997
2019-10-02,1.4486079650031247,47.0,-0.5920000000000001
2019-10-03,0.9050821860999998,27.0,-0.2944000000000002
2019-10-04,1.1235456909921877,57.0,-0.19814400000000013
2019-10-05,-0.7570903277578115,62.0,-0.14891520000000008
2019-10-06,0.5190859373203135,12.0,0.88122112
2019-10-07,1.5641678275000008,20.0,2.701591552
2019-10-08,1.4816515516875006,47.0,-0.7637308415999998
2019-10-09,0.45081453293437534,30.0,3.6832245759999998
2019-10-10,2.562733765557813,64.0,0.9974612992000003
2019-10-11,3.4740376738609378,37.0,-0.8463360000000002
2019-10-12,4.313845156396875,8.0,2.5509631999999995
2019-10-13,-0.8726114263218753,0.0,-0.90861312
2019-10-14,1.5248160194843752,17.0,4.525488128
2019-10-15,-0.5363851335671872,40.0,-1.3324196863999997
2019-10-16,4.655706435146875,35.0,-0.6467725312000003
2019-10-17,1.2501210931625,16.0,-0.408012288
2019-10-18,2.3863863609171876,24.0,3.6920607744000002
2019-10-19,-0.6836717909203125,14.0,-1.0033988608
2019-10-20,-0.4030735002218745,3.0,-0.4653071360000002
2019-10-21,1.728409594820313,37.0,-0.31404165120000005
2019-10-22,0.6208323114687504,44.0,7.79366144
2019-10-23,3.6630595386781253,60.0,0.2355092480000005
2019-10-24,0.3884850049218749,43.0,5.878284799999999
2019-10-25,0.5557630225390626,48.0,6.98829312
2019-10-26,-0.3573986441187499,5.0,-2.782350848
2019-10-27,0.776212667392188,23.0,-0.377365401600001
2019-10-28,3.7510210950000005,53.0,-1.0817024000000004
2019-10-29,1.43534237771875,44.0,2.26257664
2019-10-30,5.4914804344125,39.0,6.830219264
2019-10-31,2.104409686651562,23.0,0.6955235328000002
2019-11-01,1.219975830590625,63.0,-1.6875291648000001
2019-11-02,-0.6429211780515625,17.0,-0.9620036607999998
2019-11-03,-0.4038490987859369,17.0,-0.6185588736
2019-11-04,1.7040448769843757,74.0,0.6192378879999999
2019-11-05,1.5624931779015632,51.0,0.4967120895999999
2019-11-06,-0.48101375117499967,55.0,-0.519863296
2019-11-07,-0.28081269691562477,58.0,-0.33128990719999957
2019-11-08,0.8003895532375004,66.0,1.7754820608000004
2019-11-09,1.782108316360938,23.0,4.5034559488
2019-11-10,-0.320355230071875,10.0,3.7940352
2019-11-11,1.8329885825,47.0,2.46664448
2019-11-12,3.68101348146875,66.0,5.461485568
2019-11-13,3.416623918896875,46.0,-1.2059290624
2019-11-14,4.300806782428125,37.0,-1.3010069504000008
2019-11-15,1.1272572787499997,34.0,0.1859225599999994
2019-11-16,1.314360794484375,11.0,-0.8008970240000002
2019-11-17,-0.6334765035671872,22.0,0.44442193920000017
2019-11-18,-0.40641264757187423,42.0,-0.6185297919999997
2019-11-19,1.7049317889687507,43.0,3.62758656
2019-11-20,5.561185695365626,103.0,0.9589458944000007
2019-11-21,5.12410533154375,69.0,-0.8757019648
2019-11-22,4.943051607278124,43.0,2.5930679295999997
2019-11-23,-1.1656432812109379,7.0,1.134783488
2019-11-24,-0.6331428311031246,21.0,-0.8387400704000002
2019-11-25,0.5652027699281258,26.0,1.5488250879999996
2019-11-26,3.578165032500001,59.0,-0.7178338304
2019-11-27,1.2936286214687505,40.0,8.604787712
2019-11-28,0.37175816433437525,35.0,0.9129887744000005
2019-11-29,2.5009723291906254,8.0,7.496223539199999
2019-11-30,0.39143025669062537,0.0,-2.600088576
2019-12-01,-0.4328471277156246,1.0,-1.2734410752000005
2019-12-02,2.75286225375,49.0,5.1785838592
2019-12-03,0.5131286269843752,66.0,2.2083573760000004
2019-12-04,0.6139657404015628,55.0,-0.7483895808000005
2019-12-05,1.6500714800750003,46.0,-0.1721287680000001
2019-12-06,3.5917033806625,34.0,1.0186722304000002
2019-12-07,2.3642897621671874,15.0,3.0174865408000007
2019-12-08,0.35196984187656244,9.0,-0.37854095359999995
2019-12-09,1.5387162962140626,50.0,1.1415884799999996
2019-12-10,0.5016558522031253,80.0,0.06080204800000011
2019-12-11,4.582862908126563,41.0,6.2368055296
2019-12-12,9.236184641948437,103.0,5.1662065664000005
2019-12-13,3.577661948932812,60.0,6.7568382976
2019-12-14,-0.2469100583843753,7.0,1.0899475455999994
2019-12-15,0.17085267955937522,15.0,-2.2570098688000004
2019-12-16,0.3551769743765635,67.0,2.7155006463999993
2019-12-17,4.457580762682814,63.0,5.3256749056
2019-12-18,4.1117991256625,37.0,6.6149609472
2019-12-19,2.9767333073859374,54.0,1.9303264255999997
2019-12-20,1.9894128634140626,76.0,-0.6124551168000001
2019-12-21,0.10198495081250036,14.0,5.1461742592
2019-12-22,0.391285465554688,27.0,-1.5326422015999999
2019-12-23,-0.4886046743015619,39.0,0.4855901183999993
2019-12-24,3.660799790698438,28.0,14.629222912
2019-12-25,1.3381303011359378,13.0,-0.09934786559999864
2019-12-26,2.409524099742188,16.0,5.2693819392
2019-12-27,0.3531726340078125,4.0,-3.1417537535999998
2019-12-28,0.5387939420593753,9.0,6.349289983999999
2019-12-29,0.6178494331265627,1.0,3.2895869952000005
2019-12-30,0.6616637844484379,6.0,-0.6733314048000003
2019-12-31,1.6783895874640629,4.0,-0.8620754944000009
2020-01-01,0.5897740679375002,2.0,9.596920627200001
2020-01-02,1.6455456125750003,17.0,-3.174362214399999
2020-01-03,4.5914623971312505,14.0,4.5231745024
2020-01-04,1.2650376706265622,4.0,-1.1704133631999998
2020-01-05,1.4228811256984373,12.0,-1.332655616
2020-01-06,3.4546733631984377,31.0,-0.8892593151999999
2020-01-07,2.2641374294484375,54.0,1.4051649536000002
2020-01-08,2.2761380501828126,26.0,5.1876636672
2020-01-09,3.2630780269125,56.0,1.3211570176000007
2020-01-10,3.1552885151828125,35.0,-0.4351519744000001
2020-01-11,4.094894812350001,23.0,-0.8984529920000001
2020-01-12,-1.0403040812109374,2.0,-0.5658758144
2020-01-13,3.4102045963968757,35.0,0.6446570495999999
2020-01-14,0.18254491661562544,44.0,-0.4666342400000001
2020-01-15,6.403991012059376,40.0,-0.29715814400000007
2020-01-16,6.909491918345313,33.0,1.7695260672000004
2020-01-17,4.600195342829688,46.0,-0.5685059583999995
2020-01-18,2.6280333565437495,13.0,0.7626682368
2020-01-19,0.8071607247781252,16.0,3.6711018496
2020-01-20,3.0713516898203133,40.0,1.0358732800000001
2020-01-21,4.001589964187501,52.0,2.1665402879999998
2020-01-22,1.8575338030906257,78.0,5.9610730495999995
2020-01-23,0.012109311354688068,78.0,0.07021056000000003
2020-01-24,1.2530678006234384,50.0,4.677451776
2020-01-25,0.3064209916187508,5.0,16.0285473792
2020-01-26,-0.5245730597781242,31.0,1.3892398080000001
2020-01-27,2.6660703663250005,38.0,0.660887961599999
2020-01-28,0.4640327741156254,175.0,-0.6691065856000007
2020-01-29,2.5842239235281252,44.0,0.006537523199999562
2020-01-30,1.4452663270234374,77.0,2.2922037248000002
2020-01-31,0.5043982243765626,74.0,2.0710444032
2020-02-01,2.6168580751828125,7.0,-1.9238627328
2020-02-02,3.4540436944125004,6.0,-0.14734243839999905
2020-02-03,1.2919827962140626,61.0,-0.9968110591999992
2020-02-04,4.402319327203125,38.0,3.4763780096000003
2020-02-05,4.123525765626562,45.0,1.8556345344000003
2020-02-06,6.014546553417188,26.0,-1.1567362048
2020-02-07,6.731795082610937,53.0,-0.6077324288000001
2020-02-08,-0.5053411568375001,13.0,-0.40625704959999975
2020-02-09,-0.951198851582812,26.0,1.7302518784
2020-02-10,-0.6496885146703115,57.0,5.427289088
2020-02-11,1.5193721700750014,37.0,-0.5014626303999998
2020-02-12,2.438161661100001,54.0,1.1156689919999998
2020-02-13,7.321095448492188,111.0,1.0717594624000002
2020-02-14,-0.2028840362890627,26.0,3.1019199488
2020-02-15,-0.7332571681265624,28.0,-1.2836736000000002
2020-02-16,1.5560198666968752,13.0,-0.6651622400000005
2020-02-17,0.5231268724640632,41.0,2.538963456
2020-02-18,0.5987300700000004,50.0,0.04547870720000047
2020-02-19,0.6241694352187503,86.0,0.29394114560000006
2020-02-20,1.6377607733812505,53.0,1.4191865855999999
2020-02-21,2.560767242017188,76.0,-0.7502210047999999
2020-02-22,-0.5583624083031249,23.0,2.5993024512000003
2020-02-23,1.7274724924640625,15.0,6.1337001984
2020-02-24,2.6136659152187502,69.0,7.19605504
2020-02-25,1.4651572731625002,59.0,4.364409344
2020-02-26,5.504264863198437,56.0,7.3336199168
2020-02-27,1.1035344044484372,83.0,8.6354814976
2020-02-28,-0.6820375673171875,55.0,-4.1196831744
2020-02-29,-0.4225019191187497,17.0,-2.123744460800001
2020-03-01,-0.30007848760781175,43.0,-1.4362613760000005
2020-03-02,-0.2167672397812493,70.0,8.9079758848
2020-03-03,2.8211043883812503,58.0,5.154018099200001
2020-03-04,2.5627806138609377,85.0,-1.0273509375999996
2020-03-05,4.468605024334375,80.0,-0.9542832128000001
2020-03-06,4.209970258753125,70.0,0.6226539520000005
2020-03-07,-0.8892852050718754,49.0,8.7502077952
2020-03-08,1.52216225,16.0,2.316224
2020-03-09,3.4663512125000002,50.0,6.686630399999999
2020-03-10,0.25333662375000043,81.0,7.90711552
2020-03-11,3.4546201597031256,49.0,2.1588505600000003
2020-03-12,5.2244949595953125,106.0,0.8783254527999995
2020-03-13,0.9481098960640626,45.0,5.484452147199999
2020-03-14,4.214710647242187,14.0,6.8799200256
2020-03-15,0.023403544820312483,21.0,1.2481953792000002
2020-03-16,1.3528845764687505,41.0,-0.04530534400000086
2020-03-17,3.3556617966156255,38.0,1.64845312
2020-03-18,1.1794434168406256,57.0,-0.2740525055999994
2020-03-19,4.322195442901563,34.0,-1.7419864063999997
2020-03-20,4.0595555067625,44.0,4.9474512896
2020-03-21,0.9649562650031251,19.0,5.0566017024
2020-03-22,3.2246510086000004,10.0,11.5611040768
2020-03-23,5.105555981804688,36.0,13.971800576
2020-03-24,0.8808694614328128,50.0,9.528325632
2020-03-25,3.151022837865625,71.0,4.370771660799999
2020-03-26,1.0501059200750005,57.0,5.085622374399998
2020-03-27,1.2281262236000008,44.0,6.2481953791999985
2020-03-28,2.2933032297421883,9.0,0.0655354879999992
2020-03-29,0.253638751289063,11.0,3.140737433599999
2020-03-30,0.4542508403656256,36.0,-0.8191863807999997
2020-03-31,2.5301007692625004,37.0,-1.9166985215999999
2020-04-01,6.392050448753126,38.0,1.9612848128000007
2020-04-02,4.963904875365625,27.0,0.8882186240000012
2020-04-03,-1.1516847161750003,53.0,6.1955394560000006
2020-04-04,2.370018317646875,2.0,0.34719846400000076
2020-04-05,-0.7337461028687495,1.0,10.0671891456
2020-04-06,2.5428631456265633,17.0,0.5387863040000003
2020-04-07,3.3744171581984377,61.0,0.5215014911999996
2020-04-08,8.209280759667188,119.0,5.018122956799999
2020-04-09,4.627412823782812,37.0,6.4039612416
2020-04-10,5.663324616654688,13.0,6.7654273024
2020-04-11,-0.44117445396562527,7.0,5.2926204928
2020-04-12,1.0953795234531256,1.0,10.2284382208
2020-04-13,5.175348553642189,69.0,3.179794124800001
2020-04-14,7.848624163453126,52.0,2.881211187199999
2020-04-15,3.397235099079688,37.0,-3.6651467776000004
2020-04-16,3.5881517577156252,24.0,2.861025484799999
2020-04-17,2.6384740628328127,40.0,5.4677947392
2020-04-18,2.795047972425001,6.0,13.866067046400001
2020-04-19,1.8596170017328133,2.0,0.8866606080000006
2020-04-20,0.009547981432813213,42.0,6.295932518399999
2020-04-21,3.247905338084376,32.0,4.8993603584
2020-04-22,6.0645965238937505,38.0,4.0338992128
2020-04-23,2.7334977308484376,39.0,10.228938547199999
2020-04-24,3.9151285872421875,41.0,-3.9158579200000005
2020-04-25,0.8576049127578127,18.0,-2.849535488000001
2020-04-26,0.13358373654375055,22.0,2.0991817728
2020-04-27,6.345990654559376,24.0,0.8258803712000007
2020-04-28,4.858946756876563,34.0,6.1544318976
2020-04-29,4.757615221651562,33.0,4.266864128000001
2020-04-30,3.666845551246875,28.0,6.1968712704
2020-05-01,5.719388023935938,28.0,-1.2650534911999993
2020-05-02,0.5504213697781251,1.0,-0.07208181760000043
2020-05-03,-0.042534172460936714,1.0,-1.5729506304000007
2020-05-04,6.227493033162501,42.0,0.9910865919999998
2020-05-05,1.7518674538546883,43.0,0.8355201024000001
2020-05-06,3.953783664154688,42.0,1.8668720128000003
2020-05-07,4.8571984379406254,40.0,3.6992611328000002
2020-05-08,4.7265311709562505,35.0,-0.6946859007999993
2020-05-09,1.6683733912109378,17.0,1.9628749823999998
2020-05-10,-0.07381912753281195,0.0,0.8335562751999999
2020-05-11,4.245933320662501,12.0,2.9677422591999996
2020-05-12,1.9743563051046882,44.0,-0.38919526400000004
2020-05-13,3.065874536951563,25.0,8.0510257152
2020-05-14,7.034914874814063,73.0,-2.3889722368
2020-05-15,5.609618394226563,51.0,2.8589682687999995
2020-05-16,2.529182655440625,3.0,1.4638837759999999
2020-05-17,0.7699979369875001,4.0,3.5808628736
2020-05-18,4.0610136106265635,31.0,12.1838568448
2020-05-19,4.880258943635939,41.0,-1.7616754687999996
2020-05-20,4.7021626632734375,31.0,-2.179549593600001
2020-05-21,5.637354532829688,22.0,0.6997180415999997
2020-05-22,5.4830081619812505,43.0,2.6647025664
2020-05-23,2.4045734286031255,9.0,-1.5951790080000001
2020-05-24,2.6797618251859383,9.0,-0.9307493376000002
2020-05-25,5.7919894075750005,19.0,3.3536217088
2020-05-26,3.5383717273500004,21.0,1.7168998400000013
2020-05-27,5.617432344226563,84.0,-0.26634792959999953
2020-05-28,6.450790045440625,34.0,3.2274926591999997
2020-05-29,4.285720269925,49.0,4.745117695999999
2020-05-30,1.401577256139063,1.0,-1.8534335487999998
2020-05-31,-1.2567953423140616,2.0,-0.9138006016000005
2020-06-01,2.2005481515437513,20.0,-0.5769292800000003
2020-06-02,4.113414829996876,69.0,2.567496192
2020-06-03,1.9167264934203132,59.0,-0.9448984575999997
2020-06-04,1.064455651210938,26.0,1.5179245567999997
2020-06-05,4.219125813123438,46.0,5.2844194816000005
2020-06-06,-0.9850445371312497,10.0,-1.5970036735999993
2020-06-07,0.45684465823750064,1.0,-0.7274241024000003
2020-06-08,2.543537041142188,32.0,1.5835135999999999
2020-06-09,4.3957945422031255,44.0,-0.70345216
2020-06-10,6.123273013564063,15.0,6.602763264
2020-06-11,3.8101408432734374,26.0,5.3101657088000005
2020-06-12,2.8645940851109373,21.0,-1.157535744
2020-06-13,1.94603596735,4.0,-0.25833697280000023
2020-06-14,2.059704753570313,12.0,-0.9668737024000001
2020-06-15,3.1262107857343757,24.0,0.42419455999999967
2020-06-16,2.031559889667188,30.0,0.36787097599999985
2020-06-17,11.091541441064063,63.0,5.3744366592
2020-06-18,0.2235732649609372,53.0,0.4068341760000005
2020-06-19,3.853005394670313,39.0,9.8130450432
2020-06-20,0.7885108590078125,15.0,5.174264115200001
2020-06-21,0.07347026205937612,1.0,2.1495781375999994
2020-06-22,6.295011680845313,40.0,-1.4382408704000005
2020-06-23,1.8077589515796881,46.0,2.441440767999999
2020-06-24,1.0128425208093756,91.0,3.1610290175999998
2020-06-25,1.1845902312046879,67.0,3.9023461376000004
2020-06-26,2.262030387287501,20.0,1.5935041535999996
2020-06-27,1.2782065748500004,9.0,3.8993027072
2020-06-28,1.353966077539063,9.0,6.564529049600001
2020-06-29,3.4074335706625005,18.0,-3.0716152832
2020-06-30,4.2237968426046875,58.0,2.457798655999999
2020-07-01,3.0373164257015626,30.0,0.1870294015999998
2020-07-02,3.0814348863609373,24.0,-1.4807074816
2020-07-03,3.067077055146875,32.0,3.079223296
2020-07-04,1.0442064383812504,0.0,0.5518135296000004
2020-07-05,1.2235976238609378,46.0,2.8221118464000003
2020-07-06,1.3027638213968755,33.0,1.5109072896000006
2020-07-07,1.3426955116156258,36.0,-1.3711886336
2020-07-08,3.3687481897781257,95.0,6.307251711999999
2020-07-09,4.202151150257813,38.0,-1.8898400255999996
2020-07-10,6.04687402779375,27.0,5.103552819199999
2020-07-11,8.76706142029375,17.0,6.214272512
2020-07-12,2.326373046324999,2.0,-0.5228461056000002
2020-07-13,3.698274751396875,54.0,6.359978291199999
2020-07-14,3.6990089763968754,32.0,1.4183578624000002
2020-07-15,2.695438571396876,34.0,3.8860889087999997
2020-07-16,4.786008974115626,86.0,6.601225216
2020-07-17,5.619007526028126,48.0,5.8558518271999995
2020-07-18,1.459546283710938,11.0,-3.4092856320000005
2020-07-19,2.786106304592188,10.0,-1.8429456384000005
2020-07-20,5.833517678828126,58.0,3.7667248127999997
2020-07-21,3.6036084935281254,26.0,11.137455923200001
2020-07-22,3.6830125622421876,44.0,2.3274508288
2020-07-23,3.705535970257813,29.0,1.0475966463999997
2020-07-24,4.715248300512501,22.0,6.5713540096
2020-07-25,1.6130698049250005,8.0,0.7858064384000008
2020-07-26,-0.12040202929843669,3.0,3.5400638463999994
2020-07-27,4.203168004079688,36.0,0.410175999999999
2020-07-28,4.943089104996876,47.0,0.9088972799999997
2020-07-29,-1.240100076579687,49.0,0.0751134720000004
2020-07-30,0.29421086599218804,56.0,9.4122620928
2020-07-31,2.413686707242188,41.0,-1.1244386303999994
2020-08-01,1.3045940079765632,17.0,8.0769455104
2020-08-02,0.3837976869875005,7.0,-3.1644297215999995
2020-08-03,3.534632073126563,36.0,5.4350577664
2020-08-04,5.297093154885937,31.0,-2.4377129984
2020-08-05,4.989258596726563,32.0,6.713786572799999
2020-08-06,0.8621311510343745,41.0,3.5154050048
2020-08-07,7.191059823234375,32.0,-1.4965449727999998
2020-08-08,0.6781048034171875,2.0,5.4220425216
2020-08-09,0.054249570110938006,7.0,4.651382579200001
2020-08-10,4.294261621912501,61.0,0.34293145599999963
2020-08-11,3.0082601429015634,19.0,0.053039615999999734
2020-08-12,0.9923495092625005,21.0,1.4179919871999997
2020-08-13,7.189317514190625,21.0,1.4449571840000002
2020-08-14,0.6919674137531251,21.0,2.4384386048000004
2020-08-15,3.0910726358031253,12.0,2.3214995456
2020-08-16,1.0129767949312503,11.0,16.2911712256
2020-08-17,1.2309839506625009,42.0,10.4309548032
2020-08-18,7.298801772385938,58.0,8.9314035712
2020-08-19,2.7303654927578127,31.0,13.7212059648
2020-08-20,7.909402368825,35.0,-3.547541196800001
2020-08-21,0.45026184830312443,44.0,-3.985641267200002
2020-08-22,2.9264402436812507,22.0,-1.5358241792000014
2020-08-23,0.9383336253656254,1.0,5.9415547904
2020-08-24,10.132354971325,53.0,2.8852557824000007
2020-08-25,2.332292298896875,28.0,-2.029993267199999
2020-08-26,5.676939393303125,41.0,8.131037696
2020-08-27,2.4690766364,74.0,-1.1610535935999984
2020-08-28,3.7169333302156256,37.0,-1.9543975936
2020-08-29,-1.3048593588546868,28.0,2.955418828799999
2020-08-30,-0.7701449871343738,15.0,3.4700897279999996
2020-08-31,4.434622005075001,53.0,20.107879833600002
2020-09-01,6.073662479256251,48.0,-0.45036779519999826
2020-09-02,2.7334516962921875,45.0,8.566271385599999
2020-09-03,3.931741551246875,83.0,6.6836560895999995
2020-09-04,4.8646537989359375,22.0,3.4979358719999993
2020-09-05,1.7543417747781251,10.0,-2.980581580800001
2020-09-06,-1.015771575179687,32.0,11.509501951999999
2020-09-07,0.37861793125000076,26.0,2.4636201984
2020-09-08,6.431795761171876,33.0,-3.8263516159999993
2020-09-09,2.877154698710938,45.0,2.7560102911999995
2020-09-10,9.976643973935937,55.0,22.583440384
2020-09-11,0.3123523097781242,67.0,7.543556403200001
2020-09-12,2.8975605204765627,5.0,5.2260535296
2020-09-13,0.9087726832375003,9.0,-4.182118195200001
2020-09-14,2.142821158642189,44.0,0.9479356415999991
2020-09-15,5.137518513234376,31.0,3.1057711104
2020-09-16,4.8285825338546875,29.0,5.022256947199999
2020-09-17,3.693288096435938,29.0,1.632394239999999
2020-09-18,9.751096704184375,50.0,0.028333568000000753
2020-09-19,-0.8505480639265626,16.0,0.592471552000001
2020-09-20,-1.0749198871343746,8.0,9.0665063424
2020-09-21,9.276501800075001,57.0,-0.2981182463999996
2020-09-22,2.4725918533812505,42.0,9.812509081599998
2020-09-23,6.737074574298438,44.0,7.280830566400001
2020-09-24,3.410829637940625,39.0,10.9139542016
2020-09-25,4.5859476484562505,51.0,10.8785440768
2020-09-26,1.5448430978984378,6.0,-4.788814848000001
2020-09-27,-0.17584281591093665,11.0,1.7959164927999982
2020-09-28,2.1897696349640636,14.0,2.8755053567999997
2020-09-29,3.119587234843751,26.0,-3.1768034304
2020-09-30,8.000990590078127,23.0,4.1351374847999995
2020-10-01,2.52090477948125,17.0,0.42980536320000073
2020-10-02,2.781815149634375,28.0,-0.05351485439999948
2020-10-03,1.8866525079765628,6.0,6.382469632000001
2020-10-04,0.02589271198750076,17.0,6.473296281600001
2020-10-05,1.3026052406265634,17.0,2.0240157696
2020-10-06,3.3224463109171882,26.0,-1.5190538240000002
2020-10-07,0.1390843740796881,25.0,-0.5895348224000005
2020-10-08,2.3772541877156255,21.0,7.795347968
2020-10-09,4.285834502614063,15.0,8.3589129216
2020-10-10,0.10330473654375016,11.0,11.4852635648
2020-10-11,-0.5953475704406248,2.0,-0.7656608768000002
2020-10-12,5.624795436876563,27.0,6.8097573888
2020-10-13,1.1347649739328127,65.0,1.1390577664000001
2020-10-14,4.323103059115625,30.0,3.9455836159999986
2020-10-15,3.0806283755906247,21.0,7.798645657599999
2020-10-16,4.088290714667187,10.0,0.9272713216000001
2020-10-17,2.9553426810640624,6.0,-1.2454649856
2020-10-18,-0.005080650695312272,2.0,0.6841465856000002
2020-10-19,1.312981194964063,30.0,5.935645696
2020-10-20,1.3278131669062507,66.0,1.1937142784000008
2020-10-21,0.3406199775031258,26.0,10.681284095999999
2020-10-22,1.4930463823500006,42.0,12.092729344
2020-10-23,-0.5478257959921871,35.0,-1.1484494847999995
2020-10-24,4.668967727278125,9.0,9.6530707456
2020-10-25,1.2724187640078126,9.0,17.467723264
2020-10-26,4.425883109340625,18.0,-1.7867987967999994
2020-10-27,2.172381616432812,17.0,3.587232972799998
2020-10-28,6.241335447646875,34.0,10.7008421888
2020-10-29,3.8520378394124997,57.0,2.459371622400001
2020-10-30,2.8706084589328125,15.0,22.360621772800002
2020-10-31,2.934338538678125,15.0,-1.0830214143999992
2020-11-01,-1.0513267700781246,30.0,3.6362625023999984
2020-11-02,4.333784842539064,27.0,-0.03453521919999947
2020-11-03,7.032711803600001,65.0,8.0444019712
2020-11-04,7.613717862023438,31.0,1.2485483519999994
2020-11-05,5.332741720032812,33.0,-1.8837138432000002
2020-11-06,1.3600311321703122,25.0,-2.7559889920000002
2020-11-07,-1.2420260497421869,10.0,2.230550732800001
2020-11-08,0.2129247752937512,0.0,0.904097075200001
2020-11-09,1.3304517586062514,40.0,3.3130299392000007
2020-11-10,5.325146002421876,28.0,-0.9929281535999999
2020-11-11,1.922631629445313,28.0,12.744182784
2020-11-12,8.081889951321875,34.0,14.407244083200002
2020-11-13,-0.439290702682813,27.0,4.8020852735999995
2020-11-14,1.152632580701563,14.0,-2.427211980800001
2020-11-15,1.2771977211421879,20.0,4.229588991999998
2020-11-16,0.3364594694843759,60.0,9.7995930624
2020-11-17,3.453703056432813,48.0,7.5360754688
2020-11-18,4.214611465584375,70.0,-0.7799869440000009
2020-11-19,3.0258381669875,30.0,-2.393138278400001
2020-11-20,12.059374904001562,67.0,0.6447734784000003
2020-11-21,1.1450638466609369,6.0,-0.1523484671999995
2020-11-22,-0.22966438356718744,15.0,0.33363763199999985
2020-11-23,2.1315901726468756,32.0,3.5694103552
2020-11-24,4.099869634412501,30.0,-1.9414975487999993
2020-11-25,5.910206114151563,38.0,2.937302220800001
2020-11-26,1.6235693272781253,22.0,10.556331827200001
2020-11-27,1.9004241465078129,30.0,-0.09497487359999957
2020-11-28,0.009410669403125627,5.0,4.989976473599999
2020-11-29,1.2658089942359385,4.0,-1.5525809152
2020-11-30,-0.6391607718734368,23.0,2.452308275199999
2020-12-01,5.586455889667189,101.0,1.1981755392
2020-12-02,5.083807216064063,69.0,5.344992768
2020-12-03,7.890818669960938,25.0,2.633690112
2020-12-04,1.492826491951562,47.0,-0.2802477055999999
2020-12-05,1.9087057820953126,27.0,0.3293448191999999
2020-12-06,-0.9691277631234371,19.0,-1.3485719552
2020-12-07,4.390329446432814,16.0,12.1665815552
2020-12-08,9.045129792428126,39.0,-1.1546819583999994
2020-12-09,3.42223208190625,51.0,2.1280564223999994
2020-12-10,5.612017452940625,54.0,3.1013147648
2020-12-11,1.47741244139375,75.0,0.9132649472000001
2020-12-12,3.817715549379688,25.0,5.283856384
2020-12-13,3.7813084408453133,7.0,9.6152394752
2020-12-14,0.7519935861421883,39.0,13.3400123392
2020-12-15,3.033106659921876,64.0,-3.2270888959999997
2020-12-16,3.9305572884140636,37.0,7.991464140799999
2020-12-17,1.8301317483125006,63.0,5.0136384512
2020-12-18,4.031027644960938,26.0,15.030770278399999
2020-12-19,2.898841049451563,14.0,-5.0184545279999995
2020-12-20,-0.03311012893593701,22.0,-2.2612042752000017
2020-12-21,2.270257479742188,19.0,3.6361541631999996
2020-12-22,4.218021513789063,18.0,10.1509824512
2020-12-23,4.023240774115625,19.0,8.7424084992
2020-12-24,1.9238423735281251,31.0,10.2891727872
2020-12-25,0.07558001702343775,1.0,-2.4998247423999995
2020-12-26,0.3402623298140631,6.0,-0.4369622016000001
2020-12-27,1.4547565015078132,8.0,0.2804271103999998
2020-12-28,0.44167387559062565,7.0,7.786040217599999
2020-12-29,2.554104914667188,5.0,-0.4522573824
2020-12-30,3.3932281085640628,7.0,3.4902562816
