,strapi/strapi,TryGhost/Ghost,decaporg/decap-cms
2020-04-25,0,0,0
2020-04-26,4,0,0
2020-04-27,23,34,1
2020-04-28,8,19,1
2020-04-29,40,18,1
2020-04-30,23,35,4
2020-05-01,0,39,0
2020-05-02,3,0,0
2020-05-03,4,0,0
2020-05-04,25,3,3
2020-05-05,21,7,1
2020-05-06,15,13,0
2020-05-07,19,14,0
2020-05-08,5,25,0
2020-05-09,1,0,0
2020-05-10,0,0,0
2020-05-11,0,6,4
2020-05-12,16,2,3
2020-05-13,19,3,3
2020-05-14,40,0,0
2020-05-15,10,1,0
2020-05-16,0,0,0
2020-05-17,2,2,4
2020-05-18,6,19,1
2020-05-19,7,18,4
2020-05-20,5,23,2
2020-05-21,1,9,0
2020-05-22,5,21,0
2020-05-23,0,0,0
2020-05-24,0,0,1
2020-05-25,24,11,6
2020-05-26,19,27,2
2020-05-27,6,10,3
2020-05-28,17,34,1
2020-05-29,21,3,0
2020-05-30,3,0,0
2020-05-31,2,0,0
2020-06-01,10,11,5
2020-06-02,11,29,1
2020-06-03,0,7,4
2020-06-04,0,17,1
2020-06-05,14,13,0
2020-06-06,0,8,0
2020-06-07,0,0,3
2020-06-08,5,29,0
2020-06-09,5,23,4
2020-06-10,0,20,0
2020-06-11,3,32,0
2020-06-12,0,35,0
2020-06-13,0,0,0
2020-06-14,2,0,0
2020-06-15,21,19,5
2020-06-16,4,14,0
2020-06-17,3,8,1
2020-06-18,7,35,7
2020-06-19,3,34,0
2020-06-20,0,0,0
2020-06-21,1,1,5
2020-06-22,0,8,0
2020-06-23,5,24,1
2020-06-24,7,22,1
2020-06-25,3,13,2
2020-06-26,1,2,0
2020-06-27,0,0,0
2020-06-28,0,0,0
2020-06-29,3,20,1
2020-06-30,3,23,0
2020-07-01,2,24,3
2020-07-02,2,15,0
2020-07-03,1,14,0
2020-07-04,0,0,0
2020-07-05,0,0,0
2020-07-06,3,25,4
2020-07-07,4,16,2
2020-07-08,540,47,0
2020-07-09,6,19,3
2020-07-10,3,13,0
2020-07-11,0,0,0
2020-07-12,0,0,1
2020-07-13,0,13,0
2020-07-14,1,4,2
2020-07-15,13,10,5
2020-07-16,41,16,4
2020-07-17,5,10,0
2020-07-18,7,0,0
2020-07-19,0,0,0
2020-07-20,16,20,0
2020-07-21,2,42,2
2020-07-22,11,29,0
2020-07-23,12,17,3
2020-07-24,8,27,0
2020-07-25,4,0,0
2020-07-26,3,4,4
2020-07-27,11,6,4
2020-07-28,9,11,2
2020-07-29,16,10,0
2020-07-30,4,11,0
2020-07-31,4,1,0
2020-08-01,0,0,0
2020-08-02,0,0,1
2020-08-03,13,13,0
2020-08-04,19,30,1
2020-08-05,8,8,0
2020-08-06,4,6,1
2020-08-07,21,13,0
2020-08-08,2,0,0
2020-08-09,0,6,0
2020-08-10,11,30,1
2020-08-11,10,56,0
2020-08-12,18,11,0
2020-08-13,7,20,1
2020-08-14,7,5,0
2020-08-15,1,0,0
2020-08-16,0,0,2
2020-08-17,4,16,1
2020-08-18,1,31,0
2020-08-19,1,8,0
2020-08-20,2,16,11
2020-08-21,1,17,0
2020-08-22,0,1,0
2020-08-23,1,0,0
2020-08-24,0,20,0
2020-08-25,7,16,0
2020-08-26,10,12,1
2020-08-27,6,18,3
2020-08-28,11,5,0
2020-08-29,0,0,0
2020-08-30,1,0,2
2020-08-31,7,17,2
2020-09-01,2,14,2
2020-09-02,7,23,0
2020-09-03,13,10,1
2020-09-04,8,13,0
2020-09-05,2,0,0
2020-09-06,0,0,2
2020-09-07,1,13,0
2020-09-08,5,18,5
2020-09-09,2,5,3
2020-09-10,0,9,0
2020-09-11,1,6,0
2020-09-12,0,0,0
2020-09-13,0,0,2
2020-09-14,10,11,0
2020-09-15,4,16,1
2020-09-16,4,18,0
2020-09-17,2,16,0
2020-09-18,2,30,0
2020-09-19,0,0,0
2020-09-20,0,0,7
2020-09-21,3,15,0
2020-09-22,87,26,0
2020-09-23,16,16,0
2020-09-24,13,30,0
2020-09-25,9,2,0
2020-09-26,0,0,0
2020-09-27,0,0,0
2020-09-28,5,22,2
2020-09-29,9,10,1
2020-09-30,7,15,0
2020-10-01,12,24,0
2020-10-02,32,36,0
2020-10-03,1,0,0
2020-10-04,3,1,2
2020-10-05,33,10,0
2020-10-06,14,8,1
2020-10-07,12,0,0
2020-10-08,22,4,0
2020-10-09,11,8,0
2020-10-10,3,0,0
2020-10-11,2,0,2
2020-10-12,25,5,8
2020-10-13,8,13,0
2020-10-14,25,18,1
2020-10-15,13,10,5
2020-10-16,17,19,0
2020-10-17,0,2,0
2020-10-18,0,0,0
2020-10-19,7,14,0
2020-10-20,5,12,1
2020-10-21,5,13,2
2020-10-22,22,3,1
2020-10-23,12,10,0
2020-10-24,0,0,0
2020-10-25,0,0,7
2020-10-26,10,7,2
2020-10-27,10,21,0
2020-10-28,7,16,0
2020-10-29,11,26,0
2020-10-30,3,3,0
2020-10-31,3,0,0
2020-11-01,0,1,0
2020-11-02,17,15,4
2020-11-03,25,16,0
2020-11-04,10,16,0
2020-11-05,3,25,1
2020-11-06,11,10,0
2020-11-07,1,0,0
2020-11-08,1,0,4
2020-11-09,24,5,1
2020-11-10,16,21,0
2020-11-11,2,8,0
2020-11-12,4,3,0
2020-11-13,2,9,0
2020-11-14,0,0,0
2020-11-15,0,0,0
2020-11-16,16,10,0
2020-11-17,5,22,0
2020-11-18,6,8,1
2020-11-19,11,22,0
2020-11-20,4,15,0
2020-11-21,0,0,0
2020-11-22,0,1,0
2020-11-23,4,41,0
2020-11-24,1,12,1
2020-11-25,14,30,0
2020-11-26,7,7,9
2020-11-27,2,0,0
2020-11-28,0,0,0
2020-11-29,0,0,0
2020-11-30,7,12,9
2020-12-01,2,14,0
2020-12-02,4,18,0
2020-12-03,2,8,0
2020-12-04,10,12,0
2020-12-05,0,0,0
2020-12-06,0,0,3
2020-12-07,9,19,0
2020-12-08,10,15,0
2020-12-09,5,22,0
2020-12-10,11,24,0
2020-12-11,16,12,0
2020-12-12,0,0,0
2020-12-13,1,0,4
2020-12-14,12,12,0
2020-12-15,0,0,3
2020-12-16,16,11,0
2020-12-17,17,1,1
2020-12-18,10,3,0
2020-12-19,0,1,0
2020-12-20,0,0,2
2020-12-21,6,2,0
2020-12-22,5,0,0
2020-12-23,0,1,4
2020-12-24,0,0,0
2020-12-25,0,1,0
2020-12-26,0,0,0
2020-12-27,0,0,0
2020-12-28,27,0,0
2020-12-29,0,0,0
2020-12-30,0,0,0
2020-12-31,0,0,0
2021-01-01,0,1,0
2021-01-02,0,0,0
2021-01-03,0,0,0
2021-01-04,11,7,3
2021-01-05,3,12,5
2021-01-06,3,8,0
2021-01-07,6,8,1
2021-01-08,29,7,0
2021-01-09,0,1,0
2021-01-10,1,0,0
2021-01-11,7,1,1
2021-01-12,14,14,1
2021-01-13,11,17,2
2021-01-14,7,15,2
2021-01-15,1,17,0
2021-01-16,0,0,0
2021-01-17,0,0,0
2021-01-18,7,15,1
2021-01-19,0,15,4
2021-01-20,3,2,0
2021-01-21,6,8,0
2021-01-22,8,11,0
2021-01-23,0,0,0
2021-01-24,0,1,0
2021-01-25,16,15,1
2021-01-26,16,18,3
2021-01-27,4,8,1
2021-01-28,17,3,0
2021-01-29,25,1,3
2021-01-30,0,0,0
2021-01-31,0,0,0
2021-02-01,14,9,6
2021-02-02,16,81,0
2021-02-03,14,12,3
2021-02-04,2,16,0
2021-02-05,5,21,1
2021-02-06,0,0,0
2021-02-07,0,3,8
2021-02-08,6,24,2
2021-02-09,30,42,3
2021-02-10,11,33,3
2021-02-11,14,17,1
2021-02-12,16,28,0
2021-02-13,0,0,0
2021-02-14,1,0,1
2021-02-15,30,15,1
2021-02-16,28,33,2
2021-02-17,14,30,0
2021-02-18,19,32,2
2021-02-19,13,35,0
2021-02-20,0,0,0
2021-02-21,0,0,0
2021-02-22,11,46,3
2021-02-23,4,61,3
2021-02-24,1,42,0
2021-02-25,7,29,4
2021-02-26,0,0,0
2021-02-27,0,0,0
2021-02-28,0,0,1
2021-03-01,17,23,0
2021-03-02,2,37,1
2021-03-03,9,52,0
2021-03-04,14,60,0
2021-03-05,13,32,0
2021-03-06,0,2,0
2021-03-07,0,0,0
2021-03-08,9,19,1
2021-03-09,20,39,2
2021-03-10,12,54,2
2021-03-11,16,4,6
2021-03-12,25,7,0
2021-03-13,3,0,0
2021-03-14,0,0,1
2021-03-15,28,13,0
2021-03-16,24,4,0
2021-03-17,18,9,0
2021-03-18,43,15,4
2021-03-19,12,7,0
2021-03-20,0,1,0
2021-03-21,0,0,8
2021-03-22,11,21,1
2021-03-23,4,20,0
2021-03-24,6,20,0
2021-03-25,10,12,0
2021-03-26,7,2,0
2021-03-27,0,0,0
2021-03-28,0,0,0
2021-03-29,10,6,2
2021-03-30,43,15,4
2021-03-31,27,5,2
2021-04-01,8,26,2
2021-04-02,15,1,0
2021-04-03,0,0,0
2021-04-04,0,0,7
2021-04-05,0,8,1
2021-04-06,10,13,3
2021-04-07,6,13,3
2021-04-08,9,24,0
2021-04-09,14,12,0
2021-04-10,0,4,1
2021-04-11,0,0,0
2021-04-12,6,15,2
2021-04-13,2,9,6
2021-04-14,3,21,5
2021-04-15,0,13,0
2021-04-16,1,22,0
2021-04-17,0,0,0
2021-04-18,0,0,2
2021-04-19,6,15,0
2021-04-20,14,25,1
2021-04-21,9,16,0
2021-04-22,1,24,0
2021-04-23,0,13,0
2021-04-24,0,3,0
2021-04-25,0,0,1
2021-04-26,8,21,0
2021-04-27,2,25,0
2021-04-28,2,11,0
2021-04-29,12,14,4
2021-04-30,2,2,0
2021-05-01,0,0,0
2021-05-02,0,0,0
2021-05-03,12,14,1
2021-05-04,5,25,7
2021-05-05,16,32,0
2021-05-06,22,33,0
2021-05-07,2,62,0
2021-05-08,0,1,0
2021-05-09,0,4,5
2021-05-10,13,71,2
2021-05-11,30,26,0
2021-05-12,19,12,2
2021-05-13,0,13,1
2021-05-14,0,10,0
2021-05-15,0,0,0
2021-05-16,0,0,1
2021-05-17,10,18,0
2021-05-18,13,33,1
2021-05-19,5,28,5
2021-05-20,1,31,0
2021-05-21,1,25,0
2021-05-22,0,0,0
2021-05-23,0,0,3
2021-05-24,9,54,1
2021-05-25,6,12,0
2021-05-26,11,21,0
2021-05-27,11,39,0
2021-05-28,6,3,0
2021-05-29,0,0,0
2021-05-30,0,0,10
2021-05-31,19,7,5
2021-06-01,3,29,1
2021-06-02,8,23,0
2021-06-03,3,17,0
2021-06-04,0,37,0
2021-06-05,0,0,0
2021-06-06,0,0,1
2021-06-07,4,33,1
2021-06-08,5,20,0
2021-06-09,5,27,0
2021-06-10,1,13,2
2021-06-11,0,46,0
2021-06-12,0,0,0
2021-06-13,0,0,0
2021-06-14,2,21,0
2021-06-15,9,27,0
2021-06-16,23,33,0
2021-06-17,4,47,0
2021-06-18,1,25,0
2021-06-19,0,0,0
2021-06-20,0,2,0
2021-06-21,6,43,0
2021-06-22,3,23,0
2021-06-23,26,24,0
2021-06-24,28,50,2
2021-06-25,6,6,0
2021-06-26,0,0,0
2021-06-27,0,0,0
2021-06-28,11,41,0
2021-06-29,6,37,0
2021-06-30,5,35,0
2021-07-01,8,26,0
2021-07-02,1,19,0
2021-07-03,0,1,0
2021-07-04,0,0,0
2021-07-05,10,34,3
2021-07-06,3,33,3
2021-07-07,3,39,7
2021-07-08,15,23,0
2021-07-09,1,19,0
2021-07-10,0,0,0
2021-07-11,0,1,0
2021-07-12,8,27,0
2021-07-13,8,1,0
2021-07-14,0,31,2
2021-07-15,3,20,1
2021-07-16,0,6,0
2021-07-17,0,0,0
2021-07-18,0,0,0
2021-07-19,10,29,0
2021-07-20,4,27,3
2021-07-21,7,78,0
2021-07-22,9,19,1
2021-07-23,7,13,0
2021-07-24,0,0,0
2021-07-25,0,0,4
2021-07-26,9,19,0
2021-07-27,8,15,0
2021-07-28,15,15,0
2021-07-29,3,17,0
2021-07-30,19,7,0
2021-07-31,0,0,0
2021-08-01,0,0,0
2021-08-02,4,11,0
2021-08-03,3,8,2
2021-08-04,22,11,5
2021-08-05,10,14,0
2021-08-06,15,24,0
2021-08-07,0,4,0
2021-08-08,0,0,0
2021-08-09,9,8,2
2021-08-10,17,5,2
2021-08-11,22,6,2
2021-08-12,18,14,1
2021-08-13,9,42,0
2021-08-14,0,0,0
2021-08-15,0,0,0
2021-08-16,11,19,0
2021-08-17,16,17,4
2021-08-18,19,11,1
2021-08-19,21,12,1
2021-08-20,12,17,2
2021-08-21,0,0,0
2021-08-22,0,0,0
2021-08-23,43,30,1
2021-08-24,32,21,2
2021-08-25,11,16,0
2021-08-26,33,33,0
2021-08-27,34,0,1
2021-08-28,2,0,0
2021-08-29,0,0,0
2021-08-30,30,6,1
2021-08-31,25,15,0
2021-09-01,26,17,0
2021-09-02,39,16,0
2021-09-03,45,13,0
2021-09-04,0,0,0
2021-09-05,0,0,0
2021-09-06,41,27,0
2021-09-07,52,14,0
2021-09-08,29,14,0
2021-09-09,43,22,0
2021-09-10,25,30,4
2021-09-11,0,2,0
2021-09-12,1,0,0
2021-09-13,42,18,7
2021-09-14,67,26,1
2021-09-15,50,5,0
2021-09-16,27,6,0
2021-09-17,5,29,0
2021-09-18,0,0,0
2021-09-19,0,0,0
2021-09-20,32,16,0
2021-09-21,56,25,0
2021-09-22,83,63,0
2021-09-23,44,37,0
2021-09-24,87,0,0
2021-09-25,0,0,0
2021-09-26,0,0,0
2021-09-27,68,42,0
2021-09-28,58,27,0
2021-09-29,68,7,3
2021-09-30,18,33,3
2021-10-01,7,37,0
2021-10-02,0,0,0
2021-10-03,0,0,0
2021-10-04,9,64,0
2021-10-05,18,53,0
2021-10-06,7,46,2
2021-10-07,15,40,5
2021-10-08,15,63,2
2021-10-09,0,0,0
2021-10-10,0,0,0
2021-10-11,25,43,4
2021-10-12,15,51,0
2021-10-13,23,55,0
2021-10-14,21,49,1
2021-10-15,11,29,2
2021-10-16,0,4,0
2021-10-17,0,0,0
2021-10-18,22,74,2
2021-10-19,39,27,0
2021-10-20,19,49,0
2021-10-21,43,60,4
2021-10-22,41,74,0
2021-10-23,0,1,0
2021-10-24,0,0,0
2021-10-25,51,26,3
2021-10-26,31,33,0
2021-10-27,33,10,0
2021-10-28,38,15,4
2021-10-29,31,3,0
2021-10-30,0,0,0
2021-10-31,0,0,0
2021-11-01,2,7,2
2021-11-02,41,38,1
2021-11-03,30,28,0
2021-11-04,51,21,0
2021-11-05,48,36,0
2021-11-06,0,0,0
2021-11-07,0,2,0
2021-11-08,37,29,2
2021-11-09,72,34,0
2021-11-10,34,37,0
2021-11-11,0,22,1
2021-11-12,12,37,1
2021-11-13,0,0,0
2021-11-14,0,0,0
2021-11-15,48,43,2
2021-11-16,56,42,0
2021-11-17,33,24,1
2021-11-18,49,42,1
2021-11-19,18,38,1
2021-11-20,0,0,0
2021-11-21,0,0,0
2021-11-22,10,35,0
2021-11-23,23,23,0
2021-11-24,23,30,0
2021-11-25,30,37,0
2021-11-26,19,4,0
2021-11-27,0,0,0
2021-11-28,0,0,0
2021-11-29,40,37,0
2021-11-30,25,42,0
2021-12-01,18,76,0
2021-12-02,15,28,1
2021-12-03,8,32,2
2021-12-04,4,1,0
2021-12-05,0,0,0
2021-12-06,2,45,0
2021-12-07,4,51,2
2021-12-08,1,47,2
2021-12-09,13,42,0
2021-12-10,8,14,0
2021-12-11,2,1,0
2021-12-12,4,1,0
2021-12-13,13,52,1
2021-12-14,27,59,0
2021-12-15,10,59,0
2021-12-16,2,55,0
2021-12-17,1,18,0
2021-12-18,5,0,0
2021-12-19,0,0,0
2021-12-20,11,1,0
2021-12-21,11,1,2
2021-12-22,22,1,0
2021-12-23,3,0,0
2021-12-24,1,0,0
2021-12-25,0,0,0
2021-12-26,6,0,0
2021-12-27,7,0,0
2021-12-28,4,2,3
2021-12-29,14,0,0
2021-12-30,11,1,0
2021-12-31,2,0,0
2022-01-01,3,0,0
2022-01-02,2,0,0
2022-01-03,11,12,1
2022-01-04,16,40,0
2022-01-05,19,11,1
2022-01-06,9,13,0
2022-01-07,1,6,0
2022-01-08,3,0,0
2022-01-09,1,0,0
2022-01-10,23,10,0
2022-01-11,8,17,0
2022-01-12,12,13,0
2022-01-13,3,2,0
2022-01-14,1,33,0
2022-01-15,0,0,0
2022-01-16,1,0,0
2022-01-17,13,23,1
2022-01-18,5,31,0
2022-01-19,33,13,0
2022-01-20,6,45,0
2022-01-21,13,39,5
2022-01-22,1,8,0
2022-01-23,3,0,0
2022-01-24,28,34,0
2022-01-25,9,28,0
2022-01-26,9,20,0
2022-01-27,21,26,0
2022-01-28,26,5,0
2022-01-29,3,0,0
2022-01-30,0,3,0
2022-01-31,11,28,0
2022-02-01,1,63,0
2022-02-02,8,40,1
2022-02-03,6,22,0
2022-02-04,16,50,0
2022-02-05,2,1,0
2022-02-06,1,3,0
2022-02-07,6,25,0
2022-02-08,13,24,3
2022-02-09,12,30,0
2022-02-10,38,16,0
2022-02-11,33,30,0
2022-02-12,0,0,0
2022-02-13,1,0,0
2022-02-14,37,18,0
2022-02-15,46,37,0
2022-02-16,22,23,1
2022-02-17,26,25,1
2022-02-18,18,26,1
2022-02-19,0,2,0
2022-02-20,0,1,0
2022-02-21,14,31,0
2022-02-22,33,30,0
2022-02-23,24,9,0
2022-02-24,29,9,0
2022-02-25,17,4,0
2022-02-26,1,0,0
2022-02-27,3,0,0
2022-02-28,25,9,3
2022-03-01,16,31,0
2022-03-02,23,26,0
2022-03-03,36,32,0
2022-03-04,23,28,0
2022-03-05,1,0,0
2022-03-06,0,0,0
2022-03-07,21,26,1
2022-03-08,19,39,1
2022-03-09,32,43,0
2022-03-10,54,27,0
2022-03-11,45,32,0
2022-03-12,2,0,0
2022-03-13,1,0,0
2022-03-14,33,12,3
2022-03-15,56,6,0
2022-03-16,21,19,0
2022-03-17,11,11,0
2022-03-18,4,13,0
2022-03-19,2,4,0
2022-03-20,2,1,0
2022-03-21,12,29,0
2022-03-22,11,26,0
2022-03-23,31,39,1
2022-03-24,20,59,0
2022-03-25,16,4,2
2022-03-26,0,1,0
2022-03-27,1,0,0
2022-03-28,26,40,2
2022-03-29,26,24,0
2022-03-30,29,7,2
2022-03-31,36,24,0
2022-04-01,18,18,1
2022-04-02,0,0,0
2022-04-03,7,2,0
2022-04-04,92,22,0
2022-04-05,17,25,0
2022-04-06,18,14,0
2022-04-07,21,16,0
2022-04-08,13,26,0
2022-04-09,0,0,0
2022-04-10,0,0,0
2022-04-11,14,13,1
2022-04-12,72,25,3
2022-04-13,12,28,3
2022-04-14,18,20,1
2022-04-15,9,10,0
2022-04-16,0,0,0
2022-04-17,2,0,0
2022-04-18,0,10,0
2022-04-19,2,22,0
2022-04-20,6,26,0
2022-04-21,3,43,0
2022-04-22,0,35,0
2022-04-23,0,0,0
2022-04-24,0,0,0
2022-04-25,19,11,0
2022-04-26,18,74,0
2022-04-27,14,41,0
2022-04-28,71,94,0
2022-04-29,25,3,0
2022-04-30,0,0,0
2022-05-01,0,0,0
2022-05-02,11,31,0
2022-05-03,5,21,0
2022-05-04,18,32,0
2022-05-05,14,44,0
2022-05-06,15,24,0
2022-05-07,3,0,0
2022-05-08,2,0,0
2022-05-09,9,68,0
2022-05-10,17,77,0
2022-05-11,22,68,0
2022-05-12,13,83,0
2022-05-13,30,22,0
2022-05-14,10,0,0
2022-05-15,0,0,0
2022-05-16,13,51,0
2022-05-17,27,44,0
2022-05-18,30,35,0
2022-05-19,27,34,0
2022-05-20,26,19,0
2022-05-21,1,0,0
2022-05-22,0,0,0
2022-05-23,37,12,0
2022-05-24,8,34,0
2022-05-25,17,25,0
2022-05-26,1,19,0
2022-05-27,3,26,1
2022-05-28,0,0,0
2022-05-29,2,1,0
2022-05-30,27,15,0
2022-05-31,33,6,0
2022-06-01,27,21,0
2022-06-02,18,12,0
2022-06-03,42,17,0
2022-06-04,3,0,0
2022-06-05,0,0,0
2022-06-06,3,1,0
2022-06-07,50,0,0
2022-06-08,24,0,0
2022-06-09,5,0,0
2022-06-10,0,0,0
2022-06-11,0,0,0
2022-06-12,0,0,0
2022-06-13,44,1,0
2022-06-14,26,0,0
2022-06-15,29,7,0
2022-06-16,18,0,0
2022-06-17,6,0,0
2022-06-18,1,0,0
2022-06-19,3,0,0
2022-06-20,9,0,0
2022-06-21,12,0,0
2022-06-22,14,0,0
2022-06-23,18,0,0
2022-06-24,11,0,0
2022-06-25,0,0,0
2022-06-26,0,0,0
2022-06-27,9,0,0
2022-06-28,23,0,0
2022-06-29,5,0,0
2022-06-30,20,0,0
2022-07-01,6,3,0
2022-07-02,1,0,0
2022-07-03,0,0,0
2022-07-04,8,35,0
2022-07-05,32,103,0
2022-07-06,33,108,0
2022-07-07,22,72,0
2022-07-08,14,71,0
2022-07-09,0,3,0
2022-07-10,0,0,0
2022-07-11,19,3,0
2022-07-12,26,72,0
2022-07-13,30,24,0
2022-07-14,9,17,0
2022-07-15,4,17,0
2022-07-16,0,0,0
2022-07-17,0,0,0
2022-07-18,18,7,0
2022-07-19,23,28,0
2022-07-20,24,30,0
2022-07-21,31,43,0
2022-07-22,13,32,0
2022-07-23,1,0,0
2022-07-24,1,0,0
2022-07-25,21,24,0
2022-07-26,22,40,0
2022-07-27,42,36,0
2022-07-28,29,22,0
2022-07-29,18,0,0
2022-07-30,3,0,0
2022-07-31,9,0,0
2022-08-01,34,26,0
2022-08-02,44,28,0
2022-08-03,46,47,0
2022-08-04,28,34,0
2022-08-05,25,44,0
2022-08-06,1,0,0
2022-08-07,0,0,0
2022-08-08,42,23,0
2022-08-09,51,31,0
2022-08-10,34,23,0
2022-08-11,63,61,0
2022-08-12,23,36,0
2022-08-13,0,0,0
2022-08-14,2,1,0
2022-08-15,13,30,0
2022-08-16,25,17,0
2022-08-17,23,23,0
2022-08-18,57,36,0
2022-08-19,37,42,0
2022-08-20,0,0,0
2022-08-21,2,0,0
2022-08-22,39,26,0
2022-08-23,56,39,0
2022-08-24,76,36,0
2022-08-25,37,52,0
2022-08-26,38,5,0
2022-08-27,3,0,0
2022-08-28,2,0,0
2022-08-29,41,4,0
2022-08-30,50,20,0
2022-08-31,60,29,0
2022-09-01,36,18,0
2022-09-02,21,24,0
2022-09-03,0,0,0
2022-09-04,2,0,0
2022-09-05,36,9,0
2022-09-06,38,32,0
2022-09-07,59,8,0
2022-09-08,52,17,0
2022-09-09,10,50,0
2022-09-10,3,4,0
2022-09-11,0,0,0
2022-09-12,33,9,0
2022-09-13,55,29,0
2022-09-14,15,15,0
2022-09-15,21,18,0
2022-09-16,17,22,0
2022-09-17,0,2,0
2022-09-18,0,0,0
2022-09-19,9,26,0
2022-09-20,13,20,0
2022-09-21,19,16,0
2022-09-22,10,18,0
2022-09-23,7,11,0
2022-09-24,0,9,0
2022-09-25,0,1,0
2022-09-26,7,45,0
2022-09-27,13,55,0
2022-09-28,8,28,0
2022-09-29,21,37,0
2022-09-30,43,3,0
2022-10-01,1,0,0
2022-10-02,1,0,0
2022-10-03,32,24,0
2022-10-04,24,12,0
2022-10-05,14,36,0
2022-10-06,31,25,0
2022-10-07,23,43,0
2022-10-08,3,0,0
2022-10-09,0,0,0
2022-10-10,34,14,0
2022-10-11,29,18,0
2022-10-12,12,17,0
2022-10-13,23,19,0
2022-10-14,15,11,0
2022-10-15,2,0,0
2022-10-16,3,1,0
2022-10-17,23,13,0
2022-10-18,25,15,0
2022-10-19,43,36,0
2022-10-20,18,36,0
2022-10-21,14,42,0
2022-10-22,0,0,0
2022-10-23,0,0,0
2022-10-24,52,16,0
2022-10-25,23,17,0
2022-10-26,8,21,0
2022-10-27,42,47,0
2022-10-28,14,4,0
2022-10-29,3,0,0
2022-10-30,0,10,0
2022-10-31,35,15,0
2022-11-01,9,15,0
2022-11-02,82,17,0
2022-11-03,44,17,0
2022-11-04,44,12,0
2022-11-05,0,2,0
2022-11-06,0,0,0
2022-11-07,31,19,0
2022-11-08,51,9,0
2022-11-09,40,6,0
2022-11-10,52,5,0
2022-11-11,31,11,0
2022-11-12,0,0,0
2022-11-13,1,0,0
2022-11-14,39,10,0
2022-11-15,91,8,0
2022-11-16,78,2,0
2022-11-17,66,38,0
2022-11-18,46,18,0
2022-11-19,4,0,0
2022-11-20,4,0,0
2022-11-21,81,6,0
2022-11-22,65,6,0
2022-11-23,68,15,0
2022-11-24,42,14,0
2022-11-25,27,3,0
2022-11-26,1,0,0
2022-11-27,6,0,0
2022-11-28,18,13,0
2022-11-29,43,10,0
2022-11-30,65,13,0
2022-12-01,23,30,0
2022-12-02,15,28,0
2022-12-03,1,0,0
2022-12-04,1,0,0
2022-12-05,55,12,0
2022-12-06,41,13,0
2022-12-07,26,29,0
2022-12-08,31,41,0
2022-12-09,28,14,0
2022-12-10,0,0,0
2022-12-11,2,0,0
2022-12-12,82,11,0
2022-12-13,43,7,0
2022-12-14,54,23,0
2022-12-15,5,8,0
2022-12-16,59,5,0
2022-12-17,1,0,0
2022-12-18,0,0,0
2022-12-19,29,0,0
2022-12-20,26,2,0
2022-12-21,41,0,0
2022-12-22,36,0,0
2022-12-23,17,1,0
2022-12-24,1,0,0
2022-12-25,0,0,0
2022-12-26,0,0,0
2022-12-27,19,0,0
2022-12-28,41,0,0
2022-12-29,19,0,0
2022-12-30,19,1,0
2022-12-31,0,0,0
2023-01-01,0,0,0
2023-01-02,57,4,0
2023-01-03,33,10,0
2023-01-04,25,17,0
2023-01-05,24,8,0
2023-01-06,11,17,0
2023-01-07,0,0,0
2023-01-08,0,0,0
2023-01-09,30,3,0
2023-01-10,29,11,0
2023-01-11,46,20,0
2023-01-12,28,6,0
2023-01-13,41,10,0
2023-01-14,1,0,0
2023-01-15,0,0,0
2023-01-16,77,3,0
2023-01-17,45,11,0
2023-01-18,48,17,0
2023-01-19,26,15,0
2023-01-20,29,22,0
2023-01-21,0,0,0
2023-01-22,0,0,0
2023-01-23,63,16,0
2023-01-24,50,10,0
2023-01-25,101,19,0
2023-01-26,54,7,0
2023-01-27,21,1,0
2023-01-28,1,0,0
2023-01-29,1,0,0
2023-01-30,58,25,0
2023-01-31,73,9,0
2023-02-01,22,9,0
2023-02-02,49,16,0
2023-02-03,58,12,0
2023-02-04,0,0,0
2023-02-05,0,0,0
2023-02-06,55,1,0
2023-02-07,33,5,0
2023-02-08,35,4,0
2023-02-09,51,15,0
2023-02-10,38,4,0
2023-02-11,3,0,0
2023-02-12,1,0,0
2023-02-13,64,24,0
2023-02-14,37,2,0
2023-02-15,40,10,0
2023-02-16,14,9,0
2023-02-17,10,22,0
2023-02-18,0,0,0
2023-02-19,13,0,0
2023-02-20,25,21,0
2023-02-21,17,25,0
2023-02-22,37,28,0
2023-02-23,35,26,0
2023-02-24,52,1,0
2023-02-25,2,0,0
2023-02-26,3,0,0
2023-02-27,37,21,0
2023-02-28,11,14,0
2023-03-01,14,24,0
2023-03-02,38,30,0
2023-03-03,33,16,0
2023-03-04,0,0,0
2023-03-05,0,0,0
2023-03-06,19,7,3
2023-03-07,28,12,0
2023-03-08,39,11,1
2023-03-09,22,7,2
2023-03-10,6,14,0
2023-03-11,0,0,0
2023-03-12,0,1,0
2023-03-13,23,9,0
2023-03-14,22,18,0
2023-03-15,39,31,0
2023-03-16,42,21,0
2023-03-17,17,38,0
2023-03-18,1,0,0
2023-03-19,0,0,0
2023-03-20,31,9,0
2023-03-21,27,15,0
2023-03-22,20,29,0
2023-03-23,22,17,0
2023-03-24,18,25,0
2023-03-25,0,0,0
2023-03-26,0,0,0
2023-03-27,12,10,0
2023-03-28,36,26,0
2023-03-29,29,7,0
2023-03-30,12,26,0
2023-03-31,3,2,7
2023-04-01,0,1,0
2023-04-02,0,6,0
2023-04-03,4,13,0
2023-04-04,3,15,0
2023-04-05,9,18,0
2023-04-06,19,25,0
2023-04-07,0,24,0
2023-04-08,0,2,0
2023-04-09,0,0,0
2023-04-10,0,10,0
2023-04-11,28,13,1
2023-04-12,51,21,0
2023-04-13,34,18,0
2023-04-14,38,24,0
2023-04-15,0,0,0
2023-04-16,0,0,0
2023-04-17,48,19,1
2023-04-18,63,28,0
2023-04-19,39,26,0
2023-04-20,22,33,0
2023-04-21,73,47,0
2023-04-22,1,0,0
2023-04-23,0,0,0
2023-04-24,94,0,0
