,canonical/lxd,containerd/containerd,moby/moby
2016-01-05,0,4,48.0
2016-01-06,6,1,30.199999999999996
2016-01-07,15,0,28.339999999999996
2016-01-08,19,0,41.657
2016-01-09,4,0,13.680699999999998
2016-01-10,5,0,8.174208500000002
2016-01-11,1,1,14.243612150000002
2016-01-12,5,2,40.165062642500004
2016-01-13,13,0,38.549254181500004
2016-01-14,13,0,55.248495850228124
2016-01-15,7,0,18.977654573710936
2016-01-16,0,2,1.1763584840281265
2016-01-17,3,0,-4.103301501818745
2016-01-18,2,0,16.06532429897501
2016-01-19,13,0,33.317100086648445
2016-01-20,0,1,40.35753926431251
2016-01-21,2,5,39.642057677862496
2016-01-22,8,10,25.84086411354531
2016-01-23,0,1,13.678650935429689
2016-01-24,2,1,22.387847526964066
2016-01-25,9,6,26.285555074307815
2016-01-26,25,2,64.77036736531407
2016-01-27,6,5,49.53258335663594
2016-01-28,1,0,6.751181910098438
2016-01-29,3,1,23.369380888009378
2016-01-30,2,0,13.57064956842657
2016-01-31,1,0,-0.11534695315311616
2016-02-01,1,0,33.9937759162047
2016-02-02,5,2,42.77712968014063
2016-02-03,5,7,45.9298124961375
2016-02-04,9,1,27.56644277040781
2016-02-05,3,0,22.790152618709378
2016-02-06,0,0,-1.1936399939843714
2016-02-07,0,0,-1.488017653045306
2016-02-08,1,0,15.106393900048445
2016-02-09,13,0,28.483809700337506
2016-02-10,16,0,28.901843707265627
2016-02-11,19,10,46.23658592554219
2016-02-12,5,6,31.202278224128122
2016-02-13,1,0,-2.3787292109171876
2016-02-14,1,0,-3.0482368690609345
2016-02-15,4,0,4.7361072646343825
2016-02-16,2,3,23.96365435450782
2016-02-17,20,2,34.300654316750006
2016-02-18,15,0,33.539972885215626
2016-02-19,9,3,21.7016640221125
2016-02-20,1,0,6.32841846816875
2016-02-21,6,1,1.2406606536671907
2016-02-22,3,1,9.767290976951568
2016-02-23,11,4,25.656922880251567
2016-02-24,30,0,25.070829700239067
2016-02-25,11,10,31.31312568711875
2016-02-26,17,10,14.302573752421875
2016-02-27,8,0,9.482142320557813
2016-02-28,0,0,4.555113992953128
2016-02-29,10,8,46.6334715008875
2016-03-01,7,5,47.99340687502969
2016-03-02,16,0,32.886137115278125
2016-03-03,4,0,31.0022989879375
2016-03-04,1,0,20.07543115929219
2016-03-05,0,0,-0.8883327977093707
2016-03-06,0,0,0.7704071359593812
2016-03-07,19,3,11.011901270518758
2016-03-08,15,1,21.817152233343755
2016-03-09,10,2,20.750859040542192
2016-03-10,19,0,20.623953377065625
2016-03-11,12,7,36.680524269814065
2016-03-12,1,2,8.087458498057812
2016-03-13,0,0,2.0857000960468763
2016-03-14,0,3,26.594417761103127
2016-03-15,28,4,34.89357113774844
2016-03-16,5,3,32.20574952175313
2016-03-17,8,10,34.49772219385781
2016-03-18,4,4,25.78929389135781
2016-03-19,2,2,5.157216531857815
2016-03-20,3,0,5.301197625204692
2016-03-21,8,10,32.54486725905001
2016-03-22,6,11,32.49966167997813
2016-03-23,17,8,30.432259100245314
2016-03-24,3,3,30.078630649151563
2016-03-25,7,10,41.90648489514062
2016-03-26,4,1,-0.4147340120921861
2016-03-27,1,0,7.081795449023443
2016-03-28,8,8,38.08166460080938
2016-03-29,3,6,35.581210787475
2016-03-30,2,4,25.544559191759376
2016-03-31,15,7,36.002522399703125
2016-04-01,7,3,0.13809740973906415
2016-04-02,6,1,-5.751531350198433
2016-04-03,5,0,-3.523289406989056
2016-04-04,8,5,9.790905157421884
2016-04-05,7,4,8.207238469309381
2016-04-06,8,7,54.23354478448125
2016-04-07,9,6,18.917443826621874
2016-04-08,12,0,33.21463785053906
2016-04-09,3,0,14.17664504697656
2016-04-10,3,0,6.562917302875002
2016-04-11,3,1,10.757211633198441
2016-04-12,0,0,16.897039748260944
2016-04-13,5,2,20.387441440845315
2016-04-14,4,3,30.849060315912503
2016-04-15,0,2,37.48409222649375
2016-04-16,0,0,3.3568879809046877
2016-04-17,0,3,-4.072560739031248
2016-04-18,4,6,20.017725760006254
2016-04-19,2,1,21.793316016282816
2016-04-20,0,2,16.069481158081253
2016-04-21,1,5,19.229965782053128
2016-04-22,4,9,12.982808271237502
2016-04-23,0,0,3.5025304904671906
2016-04-24,13,0,-0.1880710628046831
2016-04-25,2,0,29.040823096037503
2016-04-26,6,16,13.732462458803127
2016-04-27,6,1,11.020790707715626
2016-04-28,8,3,15.44060670143594
2016-04-29,4,3,19.259612077568754
2016-04-30,0,0,2.7914159230546893
2016-05-01,6,0,2.2019295496765654
2016-05-02,1,4,17.965942557614067
2016-05-03,2,0,13.822611144606253
2016-05-04,5,2,19.64059738155313
2016-05-05,2,0,14.088157568567187
2016-05-06,1,3,21.2790942891125
2016-05-07,2,0,12.58528504190625
2016-05-08,0,0,0.08141509501250166
2016-05-09,6,8,15.575125955368753
2016-05-10,3,0,7.751654228956253
2016-05-11,6,0,15.146607014964065
2016-05-12,0,1,28.691274588228126
2016-05-13,0,2,6.121106014340626
2016-05-14,2,0,11.545480818410939
2016-05-15,0,0,0.6373649810343771
2016-05-16,0,0,10.882173960525003
2016-05-17,5,1,6.53220244752344
2016-05-18,1,5,12.783974404379691
2016-05-19,3,1,11.383199196021877
2016-05-20,1,0,13.306092167301564
2016-05-21,0,0,9.101449407626564
2016-05-22,0,0,7.522116605068751
2016-05-23,1,1,17.793539421846877
2016-05-24,0,0,37.94400644260156
2016-05-25,6,2,48.41070635684062
2016-05-26,5,2,15.947453560140621
2016-05-27,4,1,24.579197915440623
2016-05-28,0,0,-0.6764210480546868
2016-05-29,0,0,2.6685575164359427
2016-05-30,0,0,4.569807577610943
2016-05-31,10,1,25.99321336877657
2016-06-01,17,0,21.189177843839065
2016-06-02,13,0,28.837846921381253
2016-06-03,11,1,41.96682641763282
2016-06-04,0,0,9.291464946351562
2016-06-05,13,0,24.413160845240625
2016-06-06,3,1,43.90511813687344
2016-06-07,4,1,41.57396038757187
2016-06-08,3,0,30.43701495045781
2016-06-09,4,5,26.67733299125
2016-06-10,8,0,30.105925934732817
2016-06-11,1,0,10.920242153476568
2016-06-12,0,0,10.777442620207818
2016-06-13,8,3,27.904862554618756
2016-06-14,2,0,88.76991083633906
2016-06-15,1,1,42.24675604812031
2016-06-16,11,2,55.44887117577656
2016-06-17,0,2,40.32256360194844
2016-06-18,0,0,15.025615326795316
2016-06-19,0,0,10.709073408984382
2016-06-20,1,0,20.559964318198446
2016-06-21,4,0,36.614214347520324
2016-06-22,10,2,19.17476049997657
2016-06-23,5,0,24.303580983373443
2016-06-24,2,0,29.83375665112344
2016-06-25,0,0,-2.436037007089057
2016-06-26,0,0,-0.16358515942968133
2016-06-27,3,2,24.39513942761407
2016-06-28,5,1,19.89969845124063
2016-06-29,1,1,28.678381962703128
2016-06-30,2,1,30.702806982878126
2016-07-01,2,4,23.086010540140627
2016-07-02,0,0,9.37253610741875
2016-07-03,0,0,18.836983019989063
2016-07-04,0,1,7.722107387904691
2016-07-05,11,6,19.660545267331255
2016-07-06,3,0,12.925839544301567
2016-07-07,6,0,25.402608783518755
2016-07-08,8,0,20.41509172039844
2016-07-09,0,0,-1.5121142485999979
2016-07-10,0,0,-2.2786425811296844
2016-07-11,0,0,22.992393871498443
2016-07-12,4,0,40.238644910632814
2016-07-13,0,1,42.75894087285625
2016-07-14,0,2,14.021043068054684
2016-07-15,0,1,27.77650573708281
2016-07-16,0,0,5.090650613714063
2016-07-17,0,0,-2.9278890510484317
2016-07-18,0,0,22.894567446289066
2016-07-19,2,0,42.27773645027188
2016-07-20,9,0,37.5604458983625
2016-07-21,0,0,21.62680528385156
2016-07-22,8,0,30.656362892593748
2016-07-23,0,0,7.2552790973765635
2016-07-24,0,0,15.230417665789068
2016-07-25,1,0,38.517395579235945
2016-07-26,9,0,49.327052245970314
2016-07-27,0,0,25.98446629177969
2016-07-28,2,0,16.99454660830625
2016-07-29,0,0,35.3714077261125
2016-07-30,0,0,0.30622919877656685
2016-07-31,0,0,0.2342158628484441
2016-08-01,3,0,27.834295166831257
2016-08-02,5,1,33.00992006350626
2016-08-03,8,1,28.700986382226567
2016-08-04,7,0,16.5338756225875
2016-08-05,7,0,38.71147549474844
2016-08-06,0,0,0.011301408842189886
2016-08-07,4,0,-5.068917427987495
2016-08-08,1,0,26.027578557281256
2016-08-09,0,0,15.039817640232819
2016-08-10,0,2,32.194755271939066
2016-08-11,5,0,35.66151008573438
2016-08-12,2,0,33.57677474077968
2016-08-13,0,0,-1.8985339908671897
2016-08-14,0,0,-4.817542855043747
2016-08-15,7,1,21.192704864160945
2016-08-16,3,0,42.66608241074532
2016-08-17,3,0,26.78453185559375
2016-08-18,2,0,18.924214988401562
2016-08-19,2,0,15.5356575639625
2016-08-20,2,0,2.238943558048442
2016-08-21,0,0,-0.9611655063687454
2016-08-22,0,0,19.44004696298282
2016-08-23,2,0,24.11233571457344
2016-08-24,4,0,13.981448205601565
2016-08-25,1,0,33.47150728647813
2016-08-26,3,7,33.90787808357031
2016-08-27,0,0,-0.9942292840796867
2016-08-28,0,0,2.8364747520328137
2016-08-29,0,0,14.837611198864067
2016-08-30,10,1,55.22616019924688
2016-08-31,3,0,37.90572865172031
2016-09-01,2,0,17.373153099895312
2016-09-02,2,0,10.865361607921875
2016-09-03,3,0,-0.9032763062921827
2016-09-04,2,0,-0.912801452582805
2016-09-05,2,0,13.337285799373443
2016-09-06,0,0,23.58803511991563
2016-09-07,13,4,44.28035170962969
2016-09-08,14,2,28.572899599859376
2016-09-09,2,1,22.89342767563906
2016-09-10,0,0,-1.5703119432671873
2016-09-11,2,0,-4.019011073776559
2016-09-12,6,5,33.53035444647188
2016-09-13,8,0,27.68216189859063
2016-09-14,9,1,25.830533217451563
2016-09-15,44,0,14.4660643294625
2016-09-16,37,4,20.368523882875003
2016-09-17,14,0,17.38355581268594
2016-09-18,13,0,3.7123055345421907
2016-09-19,14,4,44.246135635518755
2016-09-20,5,9,36.879585480885936
2016-09-21,2,1,23.787211312389065
2016-09-22,36,3,23.4843220292625
2016-09-23,25,0,33.75578688122032
2016-09-24,0,0,-0.14102129221249626
2016-09-25,0,0,-3.3214003558453076
2016-09-26,8,0,40.47180998023126
2016-09-27,8,4,26.238540393125007
2016-09-28,5,3,5.997239763785942
2016-09-29,9,0,26.97895625136719
2016-09-30,3,2,13.955095744814065
2016-10-01,11,0,1.778259518443754
2016-10-02,3,0,1.412817225100004
2016-10-03,12,2,18.48298363187969
2016-10-04,16,1,15.319010259189067
2016-10-05,5,1,19.042319083351565
2016-10-06,7,5,13.758079392809375
2016-10-07,4,0,13.127122513731251
2016-10-08,0,0,-1.752636852014061
2016-10-09,4,0,-1.078783859879684
2016-10-10,1,0,23.740708234118753
2016-10-11,15,0,23.747698523440626
2016-10-12,6,0,17.728443036396875
2016-10-13,1,0,15.764011733156249
2016-10-14,15,0,23.874998521840624
2016-10-15,0,0,5.110501553785938
2016-10-16,2,0,-0.4742905021937478
2016-10-17,19,0,36.77259661386094
2016-10-18,13,0,37.68991212402187
2016-10-19,2,0,24.973486543378126
2016-10-20,6,0,34.250160695884375
2016-10-21,11,0,47.30942548959531
2016-10-22,3,0,2.387144310542187
2016-10-23,0,0,-7.327672951714058
2016-10-24,12,0,16.265785220042194
2016-10-25,5,0,47.35669952173126
2016-10-26,12,0,16.907993124625
2016-10-27,14,0,16.318670466403127
2016-10-28,3,1,65.01420306715781
2016-10-29,3,0,-0.4873596366343751
2016-10-30,0,0,-5.286538823715622
2016-10-31,4,0,31.298325133282816
2016-11-01,0,0,18.990885200421882
2016-11-02,0,4,47.04748560441719
2016-11-03,2,0,53.27756181718907
2016-11-04,3,1,60.36137855419062
2016-11-05,4,0,-0.7302736817375024
2016-11-06,1,0,-4.076299168259371
2016-11-07,0,4,19.837848606073447
2016-11-08,0,0,65.94100299886563
2016-11-09,8,0,112.9790802853
2016-11-10,1,0,89.77954291747187
2016-11-11,2,0,44.75049720057499
2016-11-12,1,0,-6.422972360639065
2016-11-13,0,0,5.837378491959386
2016-11-14,2,0,25.105904086954702
2016-11-15,7,0,21.481687460164075
2016-11-16,6,2,27.66211609017501
2016-11-17,21,0,39.31011292167344
2016-11-18,7,0,34.381780211804696
2016-11-19,2,0,1.9246895845515652
2016-11-20,8,0,0.5745880064406297
2016-11-21,3,0,45.575958866537505
2016-11-22,9,0,58.07196244380626
2016-11-23,12,0,29.087210062242185
2016-11-24,4,0,7.2641856867562495
2016-11-25,15,0,8.783790262853127
2016-11-26,5,0,6.005559073234382
2016-11-27,5,0,-2.7757322433562415
2016-11-28,7,2,46.96442331665782
2016-11-29,3,7,28.91504105466563
2016-11-30,0,5,40.61572652737031
2016-12-01,6,20,12.331530051451562
2016-12-02,2,9,30.562080662995314
2016-12-03,1,2,3.7294884943375024
2016-12-04,0,0,-1.1174945385640562
2016-12-05,6,3,18.442041256735944
2016-12-06,12,4,29.424670604845318
2016-12-07,4,1,9.846589047839066
2016-12-08,3,6,26.24896382590469
2016-12-09,3,8,18.280127481895313
2016-12-10,0,0,-0.2656778178843737
2016-12-11,0,0,2.6554803286968784
2016-12-12,4,6,24.51786200324063
2016-12-13,1,9,24.80760245671094
2016-12-14,26,12,21.875764449876563
2016-12-15,33,15,16.669992247476564
2016-12-16,8,14,24.088351759139066
2016-12-17,0,0,1.429188628459376
2016-12-18,1,1,3.4188740847578156
2016-12-19,0,0,30.235638323675005
2016-12-20,12,1,16.99338778031094
2016-12-21,10,0,26.157630456025004
2016-12-22,3,0,21.331872270734376
2016-12-23,15,0,-4.6203050578656235
2016-12-24,0,0,3.9305243312046914
2016-12-25,0,0,0.41534467479687986
2016-12-26,0,0,10.265064715587506
2016-12-27,0,1,31.730553123431253
2016-12-28,0,0,14.374299684418752
2016-12-29,0,0,28.00660885517344
2016-12-30,0,0,4.805260961912499
2016-12-31,3,0,1.516592632962503
2017-01-01,0,0,-1.3216614066968724
2017-01-02,0,0,9.501949938900005
2017-01-03,0,1,29.970356651903128
2017-01-04,3,1,24.70144437398594
2017-01-05,0,1,21.038774287179685
2017-01-06,0,0,14.044582386015623
2017-01-07,5,0,1.5794367206421889
2017-01-08,0,0,-0.8511565484890595
2017-01-09,1,2,29.13660949125313
2017-01-10,0,4,10.724527937490627
2017-01-11,17,8,12.302801715053127
2017-01-12,1,21,29.366213677095313
2017-01-13,2,7,16.84513171
2017-01-14,5,3,13.303886809967189
2017-01-15,3,0,0.7974487694218766
2017-01-16,0,1,3.2599028632015665
2017-01-17,0,5,27.732657073392193
2017-01-18,2,9,8.592769699350002
2017-01-19,3,14,16.598351828159377
2017-01-20,1,7,19.171825613107814
2017-01-21,0,0,-5.292739239331248
2017-01-22,2,0,-1.0010620706234343
2017-01-23,5,7,18.75378666247344
2017-01-24,13,6,33.330104184925005
2017-01-25,3,2,10.124074318764062
2017-01-26,2,20,29.151998267917186
2017-01-27,4,15,28.77458678116875
2017-01-28,2,1,-1.0213036906296864
2017-01-29,0,0,3.4289181341375023
2017-01-30,3,3,21.233008290218756
2017-01-31,1,0,13.859051760350004
2017-02-01,2,2,40.90352770016719
2017-02-02,1,6,29.268792837920312
2017-02-03,5,17,12.11604777314375
2017-02-04,5,1,10.43618353073125
2017-02-05,0,0,-3.6803628493515586
2017-02-06,0,5,21.304756736909383
2017-02-07,0,10,32.793298800571876
2017-02-08,4,3,15.95532874930469
2017-02-09,6,2,12.688762641848438
2017-02-10,0,14,14.247201064268753
2017-02-11,3,3,11.584365584607816
2017-02-12,0,0,10.088949923015628
2017-02-13,1,0,22.462311249607815
2017-02-14,35,2,15.440739474537502
2017-02-15,39,10,20.505102040757812
2017-02-16,29,4,14.088329675525001
2017-02-17,3,7,20.611261556876563
2017-02-18,1,3,3.1529677677546886
2017-02-19,2,1,1.6319050967656281
2017-02-20,10,7,5.559477250404692
2017-02-21,18,25,12.754432814289068
2017-02-22,40,15,10.239622055701565
2017-02-23,43,1,17.365235958339063
2017-02-24,24,10,12.714706358753126
2017-02-25,10,7,-4.115219280374999
2017-02-26,10,0,1.599851726925002
2017-02-27,27,9,12.012517982832815
2017-02-28,19,9,28.232010502643753
2017-03-01,15,11,12.221618558926561
2017-03-02,17,5,21.698290143456248
2017-03-03,14,6,14.890646654918749
2017-03-04,6,0,-0.9123572745203115
2017-03-05,36,0,-0.2633052031109351
2017-03-06,8,8,25.537182862937502
2017-03-07,14,5,9.383503911387503
2017-03-08,18,5,25.904508199762503
2017-03-09,4,3,16.470843397620314
2017-03-10,7,11,17.758021143482814
2017-03-11,1,0,1.6208587512531256
2017-03-12,9,0,1.1844227584687528
2017-03-13,2,3,29.034230480809377
2017-03-14,2,3,24.70241255545469
2017-03-15,6,12,19.910677834275
2017-03-16,4,6,35.97044931902813
2017-03-17,3,6,2.223458686328125
2017-03-18,1,2,-2.3149228913999975
2017-03-19,0,0,-0.7045321806859333
2017-03-20,20,0,16.136647312170318
2017-03-21,0,8,12.972768008320317
2017-03-22,8,32,30.739291700881253
2017-03-23,1,1,18.984865168015624
2017-03-24,17,9,21.228899937409373
2017-03-25,1,0,-3.0011828129156246
2017-03-26,0,0,7.379274959343753
2017-03-27,5,0,15.426415312095315
2017-03-28,5,1,40.70243597134532
2017-03-29,3,2,23.794791049301562
2017-03-30,0,5,20.94747405759219
2017-03-31,4,6,14.080444749601561
2017-04-01,17,1,-1.1259097410703092
2017-04-02,0,0,2.763625896232817
2017-04-03,2,8,13.464811957970317
2017-04-04,0,16,29.775894456057816
2017-04-05,8,11,12.891142532364064
2017-04-06,0,4,16.598686924898438
2017-04-07,0,7,30.684865373198438
2017-04-08,0,0,2.3082852369156264
2017-04-09,0,0,-1.6131845545828103
2017-04-10,11,11,45.763133034960944
2017-04-11,3,4,41.76136430098281
2017-04-12,2,8,25.074886860607812
2017-04-13,4,11,6.606209048981249
2017-04-14,2,7,2.6247749879734403
2017-04-15,11,3,0.9852534218968803
2017-04-16,0,0,3.008561040315632
2017-04-17,5,2,5.622768659379694
2017-04-18,8,1,5.701142813376567
2017-04-19,5,8,1.771467277973441
2017-04-20,10,7,6.575432026957815
2017-04-21,21,9,3.7118192272937516
2017-04-22,0,6,2.1506928798203138
2017-04-23,3,0,1.4960232128328137
2017-04-24,6,7,14.746781064925
2017-04-25,1,9,10.571414136357813
2017-04-26,11,3,19.379518416285936
2017-04-27,17,8,26.330298920848435
2017-04-28,28,7,22.013230442679685
2017-04-29,1,0,-0.42034087341718873
2017-04-30,1,0,-3.566632406028124
2017-05-01,2,2,7.620150848309379
2017-05-02,11,2,14.204038107892192
2017-05-03,3,10,10.413843847721878
2017-05-04,16,16,6.461543055689064
2017-05-05,6,4,25.841710992490626
2017-05-06,0,7,-3.82720850875
2017-05-07,4,0,-2.659490458548436
2017-05-08,3,10,12.319555062320315
2017-05-09,19,5,33.342575858593754
2017-05-10,5,15,29.748370030875
2017-05-11,1,14,28.69551104967031
2017-05-12,2,19,6.0615787305906235
2017-05-13,0,0,9.785452200937502
2017-05-14,0,1,3.1767062884421913
2017-05-15,3,9,35.229683199964064
2017-05-16,9,17,23.48580136528125
2017-05-17,8,8,16.186551739684376
2017-05-18,1,9,24.634813571909376
2017-05-19,0,11,18.104729466945315
2017-05-20,1,0,-3.488977701710935
2017-05-21,0,0,-3.122017835701559
2017-05-22,0,14,5.0112334290859435
2017-05-23,3,15,8.977426047103132
2017-05-24,10,25,7.668811709379691
2017-05-25,3,10,6.917995578312501
2017-05-26,14,21,0.1749634944390639
2017-05-27,1,9,3.0136006447453143
2017-05-28,1,0,0.3042454513046893
2017-05-29,1,0,3.824132159376564
2017-05-30,16,6,7.681493150839064
2017-05-31,7,27,14.230675889775
2017-06-01,7,14,14.374130576396874
2017-06-02,10,9,21.900792340698437
2017-06-03,2,0,1.817967779343748
2017-06-04,0,0,-0.8461863276859374
2017-06-05,1,7,1.9733120175390644
2017-06-06,4,18,16.173378013600004
2017-06-07,2,8,17.90674381767969
2017-06-08,5,9,14.091648670176562
2017-06-09,0,19,20.973759056909373
2017-06-10,0,1,-1.8197665210015632
2017-06-11,0,5,-2.0042306339921856
2017-06-12,1,10,26.99130249875313
2017-06-13,9,6,13.631676247865627
2017-06-14,2,23,10.725884859325001
2017-06-15,7,13,2.913636486025
2017-06-16,0,25,3.831236768714065
2017-06-17,0,0,0.28135897771250296
2017-06-18,0,0,-0.04600731119530943
2017-06-19,2,8,5.485712963126565
2017-06-20,2,18,13.18404860001094
2017-06-21,2,29,36.27885936092656
2017-06-22,2,23,16.671330747868748
2017-06-23,24,26,29.13052610960156
2017-06-24,0,11,5.89036997738906
2017-06-25,8,1,-3.6064071367984356
2017-06-26,2,14,6.98845250511094
2017-06-27,20,6,10.792406672568756
2017-06-28,8,15,4.401045408264066
2017-06-29,6,26,9.880219761851565
2017-06-30,8,15,8.64507029225469
2017-07-01,14,0,-3.1198262658218736
2017-07-02,11,0,0.15547093634062703
2017-07-03,20,4,16.65489381905313
2017-07-04,5,0,3.2878424198078133
2017-07-05,4,4,1.8617983599218757
2017-07-06,10,5,14.279382359121875
2017-07-07,10,6,4.3201382555093755
2017-07-08,2,0,-1.1984053641546866
2017-07-09,0,1,-0.41024034793124886
2017-07-10,8,6,8.962637766468752
2017-07-11,12,20,12.215756933146876
2017-07-12,15,29,14.524464041259375
2017-07-13,15,7,10.989921155221873
2017-07-14,7,16,4.93575194535625
2017-07-15,3,0,-0.5905580404343742
2017-07-16,0,1,-1.7469711020171856
2017-07-17,0,10,11.80556794694844
2017-07-18,8,12,10.768917557307814
2017-07-19,7,27,10.353935081171876
2017-07-20,0,8,6.17141339573125
2017-07-21,7,28,4.484077029670313
2017-07-22,5,1,-2.1699480821281236
2017-07-23,107,0,-1.307063858818748
2017-07-24,8,20,2.0728978311781274
2017-07-25,10,12,5.970599467046877
2017-07-26,5,4,8.555933434079689
2017-07-27,8,12,12.173949494079688
2017-07-28,2,14,14.615556726142188
2017-07-29,0,0,-0.9505556139328135
2017-07-30,0,1,-1.781720255251562
2017-07-31,9,12,9.849642323750002
2017-08-01,7,4,12.028122062203128
2017-08-02,4,30,10.402310363782814
2017-08-03,4,14,11.190725442092187
2017-08-04,11,25,0.9558507311718749
2017-08-05,0,2,5.830508100731251
2017-08-06,0,0,-2.179946256642186
2017-08-07,17,20,6.704110711178127
2017-08-08,9,14,10.232046146828127
2017-08-09,6,10,23.65540301363594
2017-08-10,8,21,-1.946865802206251
2017-08-11,2,25,4.729887649814063
2017-08-12,1,4,-1.1524907575656242
2017-08-13,0,0,-1.418064014268747
2017-08-14,2,15,14.981254959712501
2017-08-15,3,10,6.642745815875001
2017-08-16,4,9,19.749749546025
2017-08-17,1,20,1.4589994011624987
2017-08-18,15,15,8.594575321784376
2017-08-19,3,0,2.5092999075687503
2017-08-20,0,1,-2.016078230767185
2017-08-21,30,11,4.699262894964065
2017-08-22,14,24,21.4071282005
2017-08-23,5,27,11.619035412284376
2017-08-24,7,28,11.727073072082812
2017-08-25,3,17,7.6250679578812495
2017-08-26,0,0,-2.977152187101562
2017-08-27,0,0,0.1776762320265648
2017-08-28,19,16,4.523528522320316
2017-08-29,9,20,7.330966170656253
2017-08-30,4,12,5.961415804175001
2017-08-31,4,17,-0.06521088481093695
2017-09-01,3,34,10.635753357976563
2017-09-02,4,4,-1.0582212562109374
2017-09-03,0,3,-0.20089759539531138
2017-09-04,8,3,0.13858408396875077
2017-09-05,15,26,7.266969550584377
2017-09-06,16,26,15.660854972643751
2017-09-07,24,22,11.542453030551561
2017-09-08,9,6,0.33760693618124904
2017-09-09,0,11,-0.751789920009375
2017-09-10,2,0,-0.24880675219687332
2017-09-11,0,2,2.07188328819844
2017-09-12,0,6,6.008407051948439
2017-09-13,0,13,11.609680882089064
2017-09-14,0,10,31.838070823446873
2017-09-15,0,13,2.4142157734203096
2017-09-16,2,1,-1.964032333300001
2017-09-17,1,5,-0.850774354373437
2017-09-18,9,11,16.60007490819844
2017-09-19,18,7,15.14802717216719
2017-09-20,21,21,6.544119025032813
2017-09-21,9,23,3.987720953045313
2017-09-22,7,29,8.423632638251565
2017-09-23,5,3,-2.7388213860812476
2017-09-24,5,1,-0.5075967020171854
2017-09-25,6,22,13.82612507694844
2017-09-26,12,18,19.602960105682815
2017-09-27,1,9,6.392735720071874
2017-09-28,13,17,5.092537012946874
2017-09-29,3,11,8.52394837478125
2017-09-30,0,0,4.381468326576564
2017-10-01,0,0,0.7148952383546892
2017-10-02,7,10,9.279494468234377
2017-10-03,31,16,11.68167350972969
2017-10-04,0,17,6.144859513117188
2017-10-05,6,14,3.4677056565531257
2017-10-06,24,13,4.945662474265626
2017-10-07,6,2,3.017356575290626
2017-10-08,0,2,4.264974204745314
2017-10-09,13,8,7.312678509451564
2017-10-10,3,14,10.041944139220313
2017-10-11,5,22,13.602711148635938
2017-10-12,3,15,3.0365462323562498
2017-10-13,5,7,3.7788715128328128
2017-10-14,2,0,-0.9708126125749992
2017-10-15,2,0,-0.3566548228296853
2017-10-16,7,18,0.9449654429765646
2017-10-17,9,9,3.025600012643752
2017-10-18,23,12,1.9172563559890636
2017-10-19,0,7,8.026807258818751
2017-10-20,7,6,5.52204254133125
2017-10-21,3,1,-0.43744220205937534
2017-10-22,0,0,1.1046663505187502
2017-10-23,5,10,7.2283846419484385
2017-10-24,1,6,12.680415448932813
2017-10-25,1,12,11.842710091615626
2017-10-26,0,17,-0.569719452940626
2017-10-27,2,14,4.371337239001563
2017-10-28,0,3,1.3128054148171886
2017-10-29,0,1,0.6622467267328143
2017-10-30,0,18,4.926487276432814
2017-10-31,0,17,12.635367368303125
2017-11-01,0,13,16.73152902499375
2017-11-02,0,16,6.856624964778124
2017-11-03,0,12,17.347022723465624
2017-11-04,0,1,1.4887118030843745
2017-11-05,3,1,-0.48347952176249853
2017-11-06,8,17,3.1969932138609396
2017-11-07,5,18,9.213484931834378
2017-11-08,3,13,4.665602648815627
2017-11-09,97,7,5.867032154700001
2017-11-10,0,11,2.8930086841609386
2017-11-11,0,0,-0.7245185419218738
2017-11-12,0,0,-0.1787378207968735
2017-11-13,4,24,9.173001242539064
2017-11-14,35,10,7.415449483600001
2017-11-15,8,16,6.1900560703984375
2017-11-16,1,17,1.1592955484953122
2017-11-17,2,19,5.656789284373438
2017-11-18,0,5,-1.5494180941156244
2017-11-19,0,0,0.09487285305468873
2017-11-20,6,4,4.262216259448438
2017-11-21,2,16,13.952790901057813
2017-11-22,2,9,6.8353437999999995
2017-11-23,2,7,-0.015713853198437988
2017-11-24,3,1,3.674519116915625
2017-11-25,0,0,-0.34235801121718645
2017-11-26,0,2,0.05459052349843896
2017-11-27,0,20,10.263657268234375
2017-11-28,4,25,11.349850026135938
2017-11-29,2,21,7.763567500835937
2017-11-30,2,27,16.764625689820313
2017-12-01,4,41,2.8727389573953115
2017-12-02,1,7,0.7252082711000005
2017-12-03,0,3,-1.7350811594453115
2017-12-04,0,18,10.82914101319844
2017-12-05,27,27,17.894818278042187
2017-12-06,11,18,18.723521352901564
2017-12-07,6,2,11.015029233126562
2017-12-08,3,9,3.3202153123437492
2017-12-09,1,0,-0.8589201650265612
2017-12-10,2,0,-1.9564522042624974
2017-12-11,0,9,5.624432837392191
2017-12-12,1,20,4.230353293812502
2017-12-13,3,10,12.197213754256252
2017-12-14,3,13,0.46124703168750036
2017-12-15,5,23,6.322083150225001
2017-12-16,0,4,5.214059378351562
2017-12-17,3,0,-1.7015381812828116
2017-12-18,6,2,3.995952346178126
2017-12-19,7,1,6.769041206390626
2017-12-20,2,9,10.390428869154688
2017-12-21,3,9,2.8617560638156245
2017-12-22,3,2,1.3015149679500002
2017-12-23,0,0,-1.292282685482812
2017-12-24,0,0,-0.8543630738968734
2017-12-25,0,0,-0.6017700490015608
2017-12-26,0,1,0.5628934649218764
2017-12-27,0,1,-0.4658254343046866
2017-12-28,0,0,7.678034904775001
2017-12-29,0,0,2.989591115740625
2017-12-30,0,0,-0.8513617017265629
2017-12-31,0,0,-0.44931330760781274
2018-01-01,1,0,-0.2924620124999994
2018-01-02,8,6,8.777322303750001
2018-01-03,0,15,5.920668586984375
2018-01-04,7,13,-0.25479647253593796
2018-01-05,3,19,7.207578710875
2018-01-06,2,0,2.66407342765
2018-01-07,0,0,0.8882163398562504
2018-01-08,9,6,7.1400621375
2018-01-09,15,12,14.62260589625
2018-01-10,1,16,6.594483296609375
2018-01-11,8,8,8.787250339817188
2018-01-12,3,20,4.631708599232812
2018-01-13,1,0,1.9333218333390634
2018-01-14,0,0,0.29472193515000145
2018-01-15,0,3,11.696087943825002
2018-01-16,3,3,10.784776788303127
2018-01-17,3,13,10.3976235177125
2018-01-18,3,13,9.204046796034374
2018-01-19,1,5,10.232508960254687
2018-01-20,2,1,4.081305370995313
2018-01-21,10,1,-1.3954890248140615
2018-01-22,1,12,3.3889760000750018
2018-01-23,0,19,10.336976511975003
2018-01-24,2,6,12.65660939657969
2018-01-25,0,12,7.146216580329687
2018-01-26,2,17,8.403213772095313
2018-01-27,2,2,-1.6220259358843747
2018-01-28,0,1,6.3635944671734395
2018-01-29,0,8,5.111350837982814
2018-01-30,2,9,7.1362500398859385
2018-01-31,0,7,9.904213662382812
2018-02-01,0,22,-0.4859467756656244
2018-02-02,7,15,10.373069910554689
2018-02-03,0,4,2.7635904852187503
2018-02-04,0,1,-1.7728400984109363
2018-02-05,0,10,4.917214657089064
2018-02-06,0,10,4.585360072353127
2018-02-07,0,13,18.528931335107814
2018-02-08,0,17,13.107875278489061
2018-02-09,6,12,12.886167726037499
2018-02-10,21,0,10.702238557490624
2018-02-11,3,0,4.6864496294906255
2018-02-12,2,15,19.273536484820312
2018-02-13,4,4,9.06531969440625
2018-02-14,3,10,9.394587881690626
2018-02-15,0,3,13.467214784471876
2018-02-16,5,9,20.078153626031252
2018-02-17,12,1,-3.7067634963249994
2018-02-18,0,0,-1.7892821177937477
2018-02-19,0,2,5.000921830371878
2018-02-20,15,2,14.863597329618754
2018-02-21,7,13,18.871900411256252
2018-02-22,14,7,4.060666461579688
2018-02-23,1,1,7.013488623267188
2018-02-24,9,1,-0.8477554642359366
2018-02-25,6,1,1.0790716923718775
2018-02-26,331,7,8.48575424819844
2018-02-27,12,18,13.91890684510469
2018-02-28,10,8,14.091196793482812
2018-03-01,3,5,3.6271259255453123
2018-03-02,5,3,2.4254425025843753
2018-03-03,0,5,3.984185119556251
2018-03-04,2,0,-1.901656865140623
2018-03-05,0,14,17.801845943381252
2018-03-06,5,11,14.190737209735937
2018-03-07,2,7,3.722632792640625
2018-03-08,7,4,5.456290601909375
2018-03-09,3,6,6.663713259529689
2018-03-10,1,0,-0.29017646032968614
2018-03-11,0,0,-0.6011046282734358
2018-03-12,0,5,8.790455193534378
2018-03-13,16,12,6.120578628953126
2018-03-14,4,10,15.029932756801564
2018-03-15,2,13,2.1851376332796866
2018-03-16,2,14,10.022752486873438
2018-03-17,0,4,-1.424622542428125
2018-03-18,0,0,-1.5001366201046857
2018-03-19,8,6,17.993103669412502
2018-03-20,1,6,-1.6736195151921867
2018-03-21,22,8,7.415998571765626
2018-03-22,7,11,8.054118477196875
2018-03-23,21,19,9.83700407431094
2018-03-24,10,3,-2.4012884651171875
2018-03-25,1,0,-0.3875120309468736
2018-03-26,3,7,8.973983156214064
2018-03-27,5,7,3.2345327439531264
2018-03-28,15,13,10.427489097551563
2018-03-29,57,7,6.905942717823438
2018-03-30,15,12,7.890361092020313
2018-03-31,0,2,-2.223450294046875
2018-04-01,0,0,-0.27853380168124864
2018-04-02,8,13,7.049321161984377
2018-04-03,3,9,4.485829636057813
2018-04-04,7,12,3.4669199420625008
2018-04-05,9,8,1.593060089882813
2018-04-06,5,4,0.8247452399281259
2018-04-07,0,2,1.0851561845203135
2018-04-08,0,0,-0.775891321609374
2018-04-09,12,15,2.533138791984376
2018-04-10,4,1,2.336007153339063
2018-04-11,2,5,13.271886282868751
2018-04-12,11,0,11.189426705956249
2018-04-13,0,7,5.803301880773437
2018-04-14,2,0,0.0391416738609367
2018-04-15,0,0,-0.34354561860312427
2018-04-16,18,3,2.9981881686781264
2018-04-17,11,4,12.876928047203126
2018-04-18,7,12,7.840921593345312
2018-04-19,6,2,13.794436908923437
2018-04-20,3,4,7.095187650293749
2018-04-21,0,1,1.4201770079078129
2018-04-22,0,0,-0.8883286925687492
2018-04-23,0,8,7.688223521912502
2018-04-24,11,10,7.142903022901564
2018-04-25,8,5,4.933601545137501
2018-04-26,2,3,3.0309841693406256
2018-04-27,13,9,0.32575420389062604
2018-04-28,2,0,-1.2431148182312486
2018-04-29,0,0,0.22599816382812654
2018-04-30,2,5,2.3654051480906264
2018-05-01,0,1,6.246600226573438
2018-05-02,9,1,1.7990960737859378
2018-05-03,11,2,8.054477129817188
2018-05-04,0,7,2.558574824670312
2018-05-05,2,0,-0.15778065121093743
2018-05-06,0,0,1.2213178111781253
2018-05-07,0,8,2.271703760734376
2018-05-08,2,6,2.1995535471671883
2018-05-09,6,3,2.178956550032813
2018-05-10,3,0,7.182070026951563
2018-05-11,4,4,4.716430827751562
2018-05-12,0,0,-1.3071183961359376
2018-05-13,0,0,6.286825096840626
2018-05-14,32,1,11.815047145182813
2018-05-15,6,5,11.01382122963125
2018-05-16,0,8,4.626320814595312
2018-05-17,0,3,8.978239358345313
2018-05-18,0,2,7.664765010767188
2018-05-19,0,1,6.610634964118751
2018-05-20,0,0,4.683189598534376
2018-05-21,0,1,6.8875928451406265
2018-05-22,1,15,8.725058574295314
2018-05-23,8,5,12.492358836579688
2018-05-24,7,6,4.028997692173438
2018-05-25,0,5,11.619281764076565
2018-05-26,0,1,-2.8948861118015623
2018-05-27,0,1,-1.6829390787499978
2018-05-28,9,2,0.8274179823171897
2018-05-29,7,4,9.933540118857815
2018-05-30,8,8,8.144984852754689
2018-05-31,6,7,6.950163878120312
2018-06-01,4,7,1.9469022733515624
2018-06-02,0,3,1.457730650029688
2018-06-03,0,0,-1.264317210503124
2018-06-04,3,1,5.236900470000002
2018-06-05,1,11,6.814011840218751
2018-06-06,3,2,2.4521012767562507
2018-06-07,6,7,7.680087925698437
2018-06-08,3,8,23.314060835
2018-06-09,1,4,1.5718554863640612
2018-06-10,0,0,36.76564357580938
2018-06-11,0,5,-2.284984335107815
2018-06-12,0,1,-0.057920748093748475
2018-06-13,17,2,6.657496233159376
2018-06-14,7,3,-0.5412789010999961
2018-06-15,0,3,5.156096553965628
2018-06-16,0,0,2.9595777830359395
2018-06-17,0,0,-1.8362658197265602
2018-06-18,8,0,4.9011986534609395
2018-06-19,9,1,3.572629610801564
2018-06-20,0,8,14.833801462095312
2018-06-21,22,6,3.6977833952515615
2018-06-22,7,4,6.1753327648953125
2018-06-23,1,1,2.1347426225687496
2018-06-24,0,0,-0.5277893578296862
2018-06-25,4,4,4.935790497320314
2018-06-26,10,9,3.655528940656251
2018-06-27,11,4,16.63521010470625
2018-06-28,4,6,21.35192495157031
2018-06-29,0,0,7.174219111331249
2018-06-30,2,0,-2.077489416840626
2018-07-01,0,0,-1.9270385935999987
2018-07-02,1,4,3.679962536840628
2018-07-03,2,0,14.499217063120316
2018-07-04,12,0,7.3632437372062505
2018-07-05,7,5,12.496128505539062
2018-07-06,12,5,8.974675970728125
2018-07-07,0,0,-0.8891013502843741
2018-07-08,0,1,2.2002412465890635
2018-07-09,14,1,5.422435466214065
2018-07-10,5,3,9.216337919921877
2018-07-11,11,9,12.732819579070313
2018-07-12,5,4,9.13620213551875
2018-07-13,1,6,8.21543389940625
2018-07-14,0,1,-0.7232427367265624
2018-07-15,2,0,2.219346521037502
2018-07-16,10,1,7.429289781615627
2018-07-17,8,10,6.022277052496877
2018-07-18,0,10,0.9739977453265638
2018-07-19,6,7,4.454797934370314
2018-07-20,9,6,-1.6025867279765613
2018-07-21,1,2,0.053276133896876576
2018-07-22,0,1,-0.7362784014265613
2018-07-23,2,5,2.522464426615626
2018-07-24,4,4,2.3268536652156255
2018-07-25,27,7,8.279948159301563
2018-07-26,11,11,3.700925313165625
2018-07-27,6,12,2.851744051798437
2018-07-28,3,0,1.946675438534375
2018-07-29,1,0,-0.9058671005156246
2018-07-30,6,9,5.4214707712140635
2018-07-31,19,11,6.970822109703126
2018-08-01,19,9,6.583990674595313
2018-08-02,10,6,1.4012218440015622
2018-08-03,1,3,1.780732939598438
2018-08-04,6,0,-0.03854910349218699
2018-08-05,4,0,0.2439935758093762
2018-08-06,7,4,0.3815236648921886
2018-08-07,10,4,1.464706701906251
2018-08-08,16,8,3.402312023159376
2018-08-09,8,8,-0.7717837006624998
2018-08-10,6,0,0.5838818894156254
2018-08-11,7,0,2.650401044595313
2018-08-12,2,0,-0.5189040793734372
2018-08-13,16,0,0.7166481131984378
2018-08-14,14,3,7.701034891948438
2018-08-15,5,5,5.004985486432812
2018-08-16,7,4,12.894916780365625
2018-08-17,2,2,7.997162356106249
2018-08-18,0,0,-0.025266151765625633
2018-08-19,0,0,-0.3521748040828123
2018-08-20,4,4,12.997438146142189
2018-08-21,4,2,12.888450541984376
2018-08-22,3,10,4.303231790839062
2018-08-23,13,7,6.761571429118749
2018-08-24,13,2,-0.2695022349343743
2018-08-25,1,1,0.41131152934062687
2018-08-26,2,0,0.7686242273593766
2018-08-27,9,15,1.975112296912502
2018-08-28,0,10,9.965729483995315
2018-08-29,2,8,1.1772188830125003
2018-08-30,0,11,1.7268132296015628
2018-08-31,2,7,8.963860797607813
2018-09-01,0,0,3.360624533645313
2018-09-02,2,0,-0.3723795111031247
2018-09-03,2,0,-0.9343353073531245
2018-09-04,2,3,3.3505054096312517
2018-09-05,0,10,3.1038048729703136
2018-09-06,0,7,23.032760219307814
2018-09-07,0,10,10.059234728345311
2018-09-08,2,1,8.233839818485936
2018-09-09,2,0,-0.659040786687501
2018-09-10,6,12,4.269922374304689
2018-09-11,7,7,6.235663812464065
2018-09-12,4,10,6.0376584129375015
2018-09-13,6,7,14.941167215293751
2018-09-14,0,14,8.003556388731251
2018-09-15,0,1,2.1706842861843754
2018-09-16,0,0,0.9106700063609381
2018-09-17,2,18,1.3979212185734395
2018-09-18,5,6,3.652974496834377
2018-09-19,3,11,1.5594598481593767
2018-09-20,6,15,4.769816451837501
2018-09-21,17,6,4.594469387196876
2018-09-22,0,0,1.5498507949671882
2018-09-23,3,0,-0.09656731922343709
2018-09-24,5,1,4.251884397023439
2018-09-25,11,4,4.999968484595313
2018-09-26,3,9,10.802520713564062
2018-09-27,4,14,8.102253795773438
2018-09-28,4,4,3.980916099298437
2018-09-29,3,0,-0.7508048445593749
2018-09-30,3,0,-0.15565231301249893
2018-10-01,0,1,1.1147685731265642
2018-10-02,6,8,3.1606107548859392
2018-10-03,6,11,3.9999883792265636
2018-10-04,10,0,7.871098841096876
2018-10-05,11,4,8.4273646994125
2018-10-06,0,0,0.17196238779687456
2018-10-07,2,0,-1.1716586494812498
2018-10-08,5,6,10.265651141948439
2018-10-09,94,2,6.353603923932813
2018-10-10,15,7,9.273509949115626
2018-10-11,16,4,12.881366133528125
2018-10-12,12,3,9.284342432679686
2018-10-13,3,2,-0.7245444454796877
2018-10-14,0,0,-1.7716287888906241
2018-10-15,11,11,0.8366537861781271
2018-10-16,6,9,6.914515599328127
2018-10-17,2,5,1.386879271729689
2018-10-18,0,3,5.7539746427906255
2018-10-19,2,5,-1.499685453129687
2018-10-20,1,1,-0.8610234367265615
2018-10-21,1,1,0.46333161853750093
2018-10-22,0,2,-0.43726894757187396
2018-10-23,0,5,2.694810516468751
2018-10-24,4,6,4.452740614553125
2018-10-25,3,3,-0.829214133084375
2018-10-26,3,5,4.581208501282813
2018-10-27,0,1,0.22355851974843732
2018-10-28,1,1,-0.4877564462499997
2018-10-29,23,6,-0.31713810051562474
2018-10-30,13,4,0.7606974962140631
2018-10-31,6,6,4.714580329703126
2018-11-01,2,1,12.300035064814063
2018-11-02,7,5,3.335875243570311
2018-11-03,2,0,1.6929022386718744
2018-11-04,0,0,-0.06649182569531265
2018-11-05,4,12,7.251742884964063
2018-11-06,11,4,6.679765991250001
2018-11-07,5,3,0.43278579323437527
2018-11-08,7,5,1.8767187186359378
2018-11-09,20,5,0.9392463993671885
2018-11-10,0,3,0.11029625070468874
2018-11-11,0,0,0.36715200202343845
2018-11-12,1,13,1.4749684593765633
2018-11-13,6,8,2.436805798339063
2018-11-14,4,2,0.3231932455875004
2018-11-15,12,2,2.52528818993125
2018-11-16,1,8,0.43120620088125006
2018-11-17,0,2,0.5736901076109377
2018-11-18,2,0,1.6367035106625
2018-11-19,5,6,7.5687551544484375
2018-11-20,14,8,3.938508670182812
2018-11-21,21,1,9.95013837213125
2018-11-22,1,0,3.3083502781265617
2018-11-23,4,3,-0.39639300033281244
2018-11-24,1,3,2.057070908126563
2018-11-25,2,0,-0.9408219080515614
2018-11-26,4,1,10.373808138932814
2018-11-27,1,4,3.419658922053125
2018-11-28,3,8,4.624022643384375
2018-11-29,6,5,6.597273550398437
2018-11-30,7,4,6.369403823276563
2018-12-01,0,0,-0.6964404144453125
2018-12-02,3,0,-0.07444467908281172
2018-12-03,5,2,3.1519622211421887
2018-12-04,8,11,-0.007425999421873719
2018-12-05,8,2,1.2298162795265637
2018-12-06,2,2,0.3107709392265632
2018-12-07,0,4,7.453882048159375
2018-12-08,3,1,0.8448774668374999
2018-12-09,3,0,1.2135573704468752
2018-12-10,3,5,10.353600036948437
2018-12-11,10,4,11.487493424151562
2018-12-12,19,1,5.899227871840624
2018-12-13,1,6,-0.9159837748171882
2018-12-14,1,10,1.7685393869125008
2018-12-15,1,0,-0.15235352416093617
2018-12-16,0,3,-0.891614726318748
2018-12-17,11,8,2.3908323476468762
2018-12-18,0,2,3.221832450506251
2018-12-19,7,7,15.077300220401563
2018-12-20,13,6,6.882071929157812
2018-12-21,4,3,8.080810265446875
2018-12-22,1,0,7.9598022621671864
2018-12-23,1,0,0.8241820918765628
2018-12-24,0,1,11.426841508714064
2018-12-25,0,0,-1.3553476740468744
2018-12-26,0,0,-1.4977195621703108
2018-12-27,2,0,-0.0568068096437484
2018-12-28,0,0,1.0914837047843773
2018-12-29,0,2,2.203123947020314
2018-12-30,0,2,2.1813243432343756
2018-12-31,0,1,3.2172639718437503
2019-01-01,0,1,-0.8386200730609374
2019-01-02,0,5,0.508363591517188
2019-01-03,0,6,14.629845676214062
2019-01-04,0,3,4.252758006984374
2019-01-05,0,0,6.531730395182812
2019-01-06,0,1,2.350405717131249
2019-01-07,9,4,4.644669468345313
2019-01-08,2,2,2.549641927829688
2019-01-09,0,2,4.711880206106251
2019-01-10,3,0,8.582470168234376
2019-01-11,0,0,3.103776174729688
2019-01-12,0,0,7.374859213867188
2019-01-13,0,0,4.151271520659375
2019-01-14,0,8,9.32450020015
2019-01-15,4,11,19.8946678517625
2019-01-16,2,2,-0.4193949197781257
2019-01-17,0,3,-2.1402780632374996
2019-01-18,2,0,-1.4059908391218734
2019-01-19,0,0,-0.028004681687497035
2019-01-20,0,0,-0.8560093948203102
2019-01-21,2,0,4.362055265332814
2019-01-22,0,1,1.0323080866125007
2019-01-23,0,7,12.218166147010939
2019-01-24,2,11,0.23790355516249928
2019-01-25,0,9,2.0163289298921874
2019-01-26,2,2,0.10649755374999981
2019-01-27,0,0,1.3317756244843761
2019-01-28,0,7,5.328465891214063
2019-01-29,5,7,-1.0538561200781247
2019-01-30,3,6,1.3723142850390633
2019-01-31,2,0,8.368699045725
2019-02-01,5,6,5.679026689751563
2019-02-02,15,1,0.6583791346312495
2019-02-03,10,0,2.0512506618765625
2019-02-04,9,4,4.098206343932813
2019-02-05,31,10,5.917780141834376
2019-02-06,19,5,5.644319129784375
2019-02-07,12,6,0.5371650202187501
2019-02-08,2,5,4.926944829037501
2019-02-09,0,0,-0.31896254393281187
2019-02-10,3,0,0.13852550496718852
2019-02-11,5,4,2.3367525371312508
2019-02-12,6,11,3.2274634160640634
2019-02-13,6,5,-0.893815352539062
2019-02-14,2,8,7.470791123639063
2019-02-15,2,1,-0.1497570337828127
2019-02-16,10,0,-0.6894635419156246
2019-02-17,2,0,0.5519918380187503
2019-02-18,16,5,-0.3976963043015617
2019-02-19,1,1,3.7239249234171883
2019-02-20,0,1,1.3866173403296878
2019-02-21,19,10,2.46383050735625
2019-02-22,1,19,2.392243049625
2019-02-23,0,0,2.3354288541968753
2019-02-24,2,0,2.3542154512140625
2019-02-25,13,0,-0.6769373630156249
2019-02-26,6,3,9.590064587464063
2019-02-27,11,4,4.704215567937499
2019-02-28,10,12,10.714163087574999
2019-03-01,10,1,5.078379979631249
2019-03-02,0,0,0.2557063770953125
2019-03-03,0,2,-1.2293250854046869
2019-03-04,0,5,0.18032787834531405
2019-03-05,8,2,0.28985590489218915
2019-03-06,3,8,2.3806682923437514
2019-03-07,4,11,0.22760965404687572
2019-03-08,0,2,3.4466447298468754
2019-03-09,0,0,0.2427689359593752
2019-03-10,0,0,2.5223051437171877
2019-03-11,15,2,0.430933836178125
2019-03-12,2,8,5.577585203234375
2019-03-13,10,3,30.119960233198437
2019-03-14,15,9,2.4225502121671854
2019-03-15,4,4,18.67268558187656
2019-03-16,0,0,4.509156411651561
2019-03-17,2,0,-1.7428448244093735
2019-03-18,0,2,4.1907361871671895
2019-03-19,4,6,5.0870375643765655
2019-03-20,16,2,11.009062860620315
2019-03-21,8,5,23.374428241300002
2019-03-22,0,10,0.8193702220421866
2019-03-23,6,0,-1.6350772710437496
2019-03-24,2,0,-1.790417928629686
2019-03-25,6,4,-0.1696981483031217
2019-03-26,6,1,3.0345812331203152
2019-03-27,11,7,2.8499520674250016
2019-03-28,11,7,0.8379570480453138
2019-03-29,12,9,5.058745784876564
2019-03-30,2,2,-1.1800721772624998
2019-03-31,0,0,-0.538841588195312
2019-04-01,5,9,4.651067401214063
2019-04-02,5,6,8.237200351984376
2019-04-03,3,9,9.660928585401562
2019-04-04,20,20,2.179471870293749
2019-04-05,0,21,7.625893286325
2019-04-06,2,2,4.265746166834375
2019-04-07,0,0,1.3924585722843756
2019-04-08,1,2,9.73963915625
2019-04-09,3,8,28.051103531171876
2019-04-10,0,9,9.847686461429685
2019-04-11,17,8,3.4341379865046866
2019-04-12,9,8,-1.7701137212078124
2019-04-13,0,0,0.16308230771562782
2019-04-14,2,1,7.471659722832816
2019-04-15,4,5,8.015238911987502
2019-04-16,12,5,2.7569931867203135
2019-04-17,12,2,7.109175646635938
2019-04-18,15,14,1.895064155453126
2019-04-19,4,3,5.478844402137501
2019-04-20,0,0,0.39001421423281313
2019-04-21,0,0,-1.1545451198171863
2019-04-22,0,1,2.2031397027875013
2019-04-23,12,2,6.088696103270314
2019-04-24,31,1,2.7265363433125005
2019-04-25,9,2,18.90264854767969
2019-04-26,11,7,4.340669676364062
2019-04-27,2,1,6.970251256246875
2019-04-28,0,2,-0.09788188128281305
2019-04-29,6,6,3.575570118678127
2019-04-30,5,6,-0.4724813627968736
2019-05-01,1,1,0.9194304662828143
2019-05-02,6,1,0.015051017685938972
2019-05-03,0,3,1.2248783432937516
2019-05-04,0,1,-0.764368783078124
2019-05-05,2,3,-0.40884598989218673
2019-05-06,5,0,4.726747207395313
2019-05-07,15,6,6.3405012586
2019-05-08,27,2,1.955854519304687
2019-05-09,10,9,4.177546800182812
2019-05-10,9,14,0.013634089412499772
2019-05-11,0,0,1.336743271432813
2019-05-12,0,1,0.3550874824281255
2019-05-13,0,7,5.4822346812500005
2019-05-14,4,4,6.031770273671875
2019-05-15,1,1,3.7359946449609374
2019-05-16,5,0,0.8049765994515623
2019-05-17,14,4,0.12495240606406277
2019-05-18,0,0,-0.6607499806953117
2019-05-19,1,0,0.5642690001828135
2019-05-20,1,5,3.564528966912501
2019-05-21,6,4,16.292829333120313
2019-05-22,13,7,3.8762194374249987
2019-05-23,4,4,11.358354562170312
2019-05-24,2,5,0.7745086650390611
2019-05-25,0,0,1.4887424694125007
2019-05-26,0,1,0.7243996512140636
2019-05-27,0,0,-0.06351031051562317
2019-05-28,0,1,4.1387577341515644
2019-05-29,0,5,2.853737178590626
2019-05-30,0,4,-1.1270697099546867
2019-05-31,0,1,0.37705568933125055
2019-06-01,0,0,-0.5309243857640618
2019-06-02,0,0,2.7025153483453135
2019-06-03,4,8,10.485796057610937
2019-06-04,12,7,18.6098549506625
2019-06-05,4,4,3.3027680473859355
2019-06-06,9,3,6.031082972757812
2019-06-07,1,3,11.03967314360625
2019-06-08,0,0,-2.470588600515624
2019-06-09,0,0,-1.445772078785936
2019-06-10,0,8,-0.04647634779687304
2019-06-11,16,11,6.071159499220315
2019-06-12,31,9,5.589870334292189
2019-06-13,11,8,1.4712573386875005
2019-06-14,2,4,3.8936798294093755
2019-06-15,0,0,-1.1868331394906246
2019-06-16,0,1,-0.6903018454671865
2019-06-17,1,2,1.5794674662500008
2019-06-18,16,3,11.468978975734377
2019-06-19,8,12,1.4368972951046872
2019-06-20,19,7,0.8781386898890624
2019-06-21,4,3,6.138709611951563
2019-06-22,4,0,-1.228721622685937
2019-06-23,39,0,-0.6957067876796867
2019-06-24,9,1,10.5306932075
2019-06-25,7,9,7.53138198146875
2019-06-26,29,7,6.3009601749906246
2019-06-27,3,1,7.237687350521874
2019-06-28,8,1,3.1342234426109377
2019-06-29,0,1,1.4199773538187506
2019-06-30,0,0,-1.2954248552515615
2019-07-01,2,6,1.1671147287500014
2019-07-02,0,4,8.155745940578127
2019-07-03,16,2,3.481718872464063
2019-07-04,17,2,-0.32813975569843734
2019-07-05,20,1,0.12891484382187535
2019-07-06,1,1,0.33759167334843854
2019-07-07,7,0,-0.5188864767265615
2019-07-08,7,6,7.659411687392188
2019-07-09,21,3,6.94993079521875
2019-07-10,13,4,4.631677734037499
2019-07-11,41,3,9.648196303348437
2019-07-12,9,0,13.160881715554687
2019-07-13,10,2,9.510705138198436
2019-07-14,0,3,6.435327734448437
2019-07-15,26,8,17.606067477464062
2019-07-16,25,12,12.521510100875
2019-07-17,9,13,14.398717110587501
2019-07-18,11,8,6.08657495536875
2019-07-19,4,5,3.6957050978625015
2019-07-20,0,0,1.196570459370315
2019-07-21,7,0,-2.2336790604765593
2019-07-22,12,5,5.5044063274281285
2019-07-23,3,5,0.19882370186406484
2019-07-24,14,9,0.637156033531252
2019-07-25,3,23,8.936350675143752
2019-07-26,35,10,7.331196100446876
2019-07-27,15,1,-1.7564837514687501
2019-07-28,0,1,-0.9527578073140621
2019-07-29,4,7,2.367066191106251
2019-07-30,1,6,2.2373803913906265
2019-07-31,4,8,5.188213138717188
2019-08-01,4,9,3.914170593896875
2019-08-02,38,8,23.870188398521876
2019-08-03,0,1,14.823558907499997
2019-08-04,0,2,-3.354900960323439
2019-08-05,14,12,5.204719873749999
2019-08-06,2,15,2.0488956472031266
2019-08-07,27,24,12.323882513345316
2019-08-08,36,11,4.463273270548438
2019-08-09,19,18,5.798869188456251
2019-08-10,1,6,0.8096441294296883
2019-08-11,0,1,0.3124229648203143
2019-08-12,16,7,10.785244730603127
2019-08-13,23,6,6.050761598890626
2019-08-14,45,6,4.067567445185938
2019-08-15,13,1,13.2578209838875
2019-08-16,66,14,4.409018765887501
2019-08-17,1,1,-0.09964458562656198
2019-08-18,7,0,-0.4714363018343739
2019-08-19,5,11,6.92110836136094
2019-08-20,11,9,4.412272143740626
2019-08-21,11,8,3.416032650443751
2019-08-22,9,11,6.56596377036875
2019-08-23,6,11,4.324685540800001
2019-08-24,8,0,0.41628061585156306
2019-08-25,3,0,4.907668609967188
2019-08-26,2,14,3.6990285869125006
2019-08-27,18,6,5.702773403339063
2019-08-28,5,9,7.48060922036875
2019-08-29,14,13,8.22033517470625
2019-08-30,1,5,3.9840600306953124
2019-08-31,0,0,0.24251858411875027
2019-09-01,0,3,-1.255681731246874
2019-09-02,0,2,7.165514098084377
2019-09-03,37,14,15.56350883345625
2019-09-04,49,10,2.461538654960937
2019-09-05,14,7,2.1399506776078123
2019-09-06,14,4,5.461040994520313
2019-09-07,0,1,1.3337177040468764
2019-09-08,0,1,-1.2811230912468738
2019-09-09,3,6,55.17296476242812
2019-09-10,12,8,10.774446097124997
2019-09-11,12,11,27.267226577196872
2019-09-12,8,6,18.063518819310936
2019-09-13,19,6,-3.679009425992186
2019-09-14,24,0,-2.5796551900031224
2019-09-15,7,0,-0.6337543567984323
2019-09-16,16,2,4.816166239892193
2019-09-17,12,4,-0.3922297651249962
2019-09-18,3,15,81.07122035672188
2019-09-19,0,13,5.611519005389056
2019-09-20,2,6,0.9973768014749975
2019-09-21,0,0,-2.152769058143752
2019-09-22,0,0,-2.830408498087494
2019-09-23,0,8,9.931356872682818
2019-09-24,6,15,5.158200923818754
2019-09-25,9,13,8.30972217996719
2019-09-26,24,13,10.09625928338125
2019-09-27,28,4,7.784440645532814
2019-09-28,0,0,1.4276506283515626
2019-09-29,1,0,-1.8575942437828117
2019-09-30,17,3,17.805385089928127
2019-10-01,19,4,-1.7991567136874993
2019-10-02,1,0,5.314596194193752
2019-10-03,0,6,17.187590547790627
2019-10-04,0,3,6.972458344151564
2019-10-05,0,2,-1.6401920611390626
2019-10-06,0,2,7.367006882542189
2019-10-07,21,7,7.007057598606251
2019-10-08,17,4,12.868631018953128
2019-10-09,22,7,2.1597893775515624
2019-10-10,9,6,12.948643352604687
2019-10-11,2,5,9.151797859951563
2019-10-12,4,1,-1.8573013870890613
2019-10-13,2,0,15.275578032875002
2019-10-14,0,4,1.1306916265734381
2019-10-15,4,0,1.9228787537859393
2019-10-16,4,0,2.2494234631921888
2019-10-17,4,0,23.440446803132815
2019-10-18,2,3,2.517559924585937
2019-10-19,1,0,-1.461767452976562
2019-10-20,2,0,0.41878757030312563
2019-10-21,14,3,25.73488749119844
2019-10-22,38,4,4.376529669826563
2019-10-23,8,4,-2.63465675970625
2019-10-24,9,10,5.384875106543751
2019-10-25,10,5,1.1293515744656273
2019-10-26,4,0,-1.520251162742185
2019-10-27,5,0,-0.9009571582312486
2019-10-28,3,5,3.337501122682814
2019-10-29,42,7,3.0613035235062513
2019-10-30,8,4,2.9762001399046882
2019-10-31,48,3,4.1216672684625
2019-11-01,27,2,2.0230907201406247
2019-11-02,11,0,-0.8736139067984373
2019-11-03,1,0,-0.502461607607812
2019-11-04,23,4,-0.3503023349999992
2019-11-05,68,3,14.7221326629375
2019-11-06,19,2,3.2695962402937493
2019-11-07,37,2,5.658176819043749
2019-11-08,63,7,3.5327819360281243
2019-11-09,18,2,-1.338136701726562
2019-11-10,2,1,-0.7947603076078116
2019-11-11,3,7,1.4348485625000014
2019-11-12,7,3,2.351654743750001
2019-11-13,27,0,0.23828898601562565
2019-11-14,38,6,1.3907097106328132
2019-11-15,2,4,1.4637340649609378
2019-11-16,0,1,0.48064546717031287
2019-11-17,0,1,0.6156689623203127
2019-11-18,35,3,-0.3211151799999998
2019-11-19,15,0,-0.21263822728124965
2019-11-20,16,1,0.8356836346312504
2019-11-21,39,0,0.7799444618765627
2019-11-22,47,3,-0.22400163356718739
2019-11-23,1,3,0.8663099601468751
2019-11-24,1,0,0.8133777856625001
2019-11-25,34,3,12.800253584448438
2019-11-26,44,13,6.588822384964061
2019-11-27,9,2,22.54158179125
2019-11-28,34,2,-2.1879412592656275
2019-11-29,22,3,-1.7238584280515625
2019-11-30,0,1,-1.1364723112859365
2019-12-01,0,0,-0.8451021717656222
2019-12-02,10,6,5.325054183198439
2019-12-03,13,4,4.846458458260939
2019-12-04,29,5,3.664857690407813
2019-12-05,35,1,3.7510759710875003
2019-12-06,32,5,0.7688842261218753
2019-12-07,4,0,-0.7965743525359372
2019-12-08,0,0,0.4885149250000008
2019-12-09,24,2,0.5135694975000009
2019-12-10,8,5,5.543309131906251
2019-12-11,19,5,-0.9348150370593749
2019-12-12,40,10,5.500810313456251
2019-12-13,41,7,2.080197529742187
2019-12-14,1,2,-0.7843846512109373
2019-12-15,8,0,-0.4437539138218748
2019-12-16,26,5,1.6908909157343757
2019-12-17,24,8,-0.4432173430515619
2019-12-18,23,1,3.716868944370313
2019-12-19,10,7,14.386558669784375
2019-12-20,36,8,-1.812015966843751
2019-12-21,1,0,-0.9003315542625003
2019-12-22,3,0,-0.5616705826078123
2019-12-23,0,4,2.6034081075000013
2019-12-24,0,1,-0.6135359260312493
2019-12-25,2,1,-0.3936026775718743
2019-12-26,0,1,-0.29017869581249944
2019-12-27,0,1,0.7608923946218756
2019-12-28,0,1,-0.2743330380390621
2019-12-29,0,0,-0.08448603749999992
2019-12-30,0,2,0.9382189112500001
2019-12-31,1,2,6.850632560953125
2020-01-01,8,0,0.21368669239218696
2020-01-02,1,2,2.5433379874999997
2020-01-03,2,2,2.42374380375
2020-01-04,1,0,-0.6338225630156248
