,WordPress/WordPress,getgrav/grav,tryghost/ghost
2014-09-02,20,16,27
2014-09-03,21,21,16
2014-09-04,8,14,6
2014-09-05,2,18,11
2014-09-06,0,19,3
2014-09-07,6,1,0
2014-09-08,0,7,3
2014-09-09,6,14,11
2014-09-10,5,9,19
2014-09-11,7,15,22
2014-09-12,5,1,5
2014-09-13,2,0,6
2014-09-14,0,4,7
2014-09-15,1,8,16
2014-09-16,0,5,14
2014-09-17,2,2,5
2014-09-18,1,10,13
2014-09-19,0,4,38
2014-09-20,1,2,7
2014-09-21,4,1,7
2014-09-22,0,5,19
2014-09-23,7,2,22
2014-09-24,2,6,75
2014-09-25,0,5,36
2014-09-26,5,11,5
2014-09-27,3,1,8
2014-09-28,2,0,5
2014-09-29,18,0,7
2014-09-30,1,5,18
2014-10-01,3,13,8
2014-10-02,20,0,3
2014-10-03,8,0,5
2014-10-04,1,1,3
2014-10-05,6,0,1
2014-10-06,5,14,4
2014-10-07,1,11,3
2014-10-08,9,15,2
2014-10-09,8,10,2
2014-10-10,1,25,4
2014-10-11,5,0,2
2014-10-12,7,1,8
2014-10-13,3,4,10
2014-10-14,7,15,7
2014-10-15,14,4,0
2014-10-16,19,5,6
2014-10-17,17,0,36
2014-10-18,9,3,4
2014-10-19,4,1,1
2014-10-20,10,4,14
2014-10-21,5,0,12
2014-10-22,5,0,4
2014-10-23,267,3,11
2014-10-24,17,0,1
2014-10-25,5,0,8
2014-10-26,12,0,5
2014-10-27,7,5,18
2014-10-28,40,6,8
2014-10-29,23,5,7
2014-10-30,15,5,14
2014-10-31,8,0,2
2014-11-01,47,4,3
2014-11-02,3,2,2
2014-11-03,45,1,5
2014-11-04,15,0,16
2014-11-05,10,3,9
2014-11-06,4,4,0
2014-11-07,9,1,2
2014-11-08,15,4,1
2014-11-09,1,8,2
2014-11-10,6,3,8
2014-11-11,11,0,6
2014-11-12,8,0,2
2014-11-13,22,3,12
2014-11-14,9,2,8
2014-11-15,3,0,9
2014-11-16,11,0,12
2014-11-17,9,9,22
2014-11-18,9,2,6
2014-11-19,13,2,10
2014-11-20,32,0,7
2014-11-21,18,1,5
2014-11-22,19,0,4
2014-11-23,6,1,4
2014-11-24,23,7,11
2014-11-25,17,0,4
2014-11-26,12,8,0
2014-11-27,7,0,5
2014-11-28,33,1,8
2014-11-29,2,0,11
2014-11-30,50,0,7
2014-12-01,17,11,22
2014-12-02,25,4,8
2014-12-03,16,0,19
2014-12-04,7,3,31
2014-12-05,5,9,8
2014-12-06,11,0,3
2014-12-07,26,0,2
2014-12-08,10,1,7
2014-12-09,4,0,7
2014-12-10,13,2,17
2014-12-11,7,0,13
2014-12-12,10,4,14
2014-12-13,4,0,2
2014-12-14,6,0,8
2014-12-15,18,0,23
2014-12-16,24,0,9
2014-12-17,8,2,10
2014-12-18,4,0,24
2014-12-19,0,0,10
2014-12-20,8,1,5
2014-12-21,0,1,5
2014-12-22,2,6,14
2014-12-23,2,0,12
2014-12-24,0,0,4
2014-12-25,0,0,4
2014-12-26,1,0,7
2014-12-27,0,0,2
2014-12-28,1,1,7
2014-12-29,5,1,10
2014-12-30,6,0,3
2014-12-31,10,3,4
2015-01-01,4,3,9
2015-01-02,4,0,9
2015-01-03,16,2,3
2015-01-04,8,2,6
2015-01-05,6,2,5
2015-01-06,8,5,7
2015-01-07,12,2,1
2015-01-08,27,12,8
2015-01-09,11,13,8
2015-01-10,20,9,2
2015-01-11,14,7,6
2015-01-12,17,0,9
2015-01-13,9,2,12
2015-01-14,4,0,6
2015-01-15,4,0,0
2015-01-16,36,8,5
2015-01-17,11,0,2
2015-01-18,7,2,3
2015-01-19,8,10,3
2015-01-20,7,9,3
2015-01-21,9,7,2
2015-01-22,5,5,2
2015-01-23,4,11,5
2015-01-24,2,7,4
2015-01-25,7,9,2
2015-01-26,3,12,3
2015-01-27,1,8,10
2015-01-28,1,7,4
2015-01-29,13,8,5
2015-01-30,8,1,6
2015-01-31,11,5,2
2015-02-01,2,1,7
2015-02-02,2,4,5
2015-02-03,7,6,5
2015-02-04,2,3,5
2015-02-05,12,2,3
2015-02-06,18,4,2
2015-02-07,4,4,1
2015-02-08,4,1,0
2015-02-09,18,1,3
2015-02-10,9,2,1
2015-02-11,20,1,0
2015-02-12,3,0,5
2015-02-13,18,2,10
2015-02-14,7,2,1
2015-02-15,2,13,2
2015-02-16,1,3,3
2015-02-17,3,5,9
2015-02-18,2,15,12
2015-02-19,3,6,0
2015-02-20,4,0,2
2015-02-21,0,3,2
2015-02-22,29,0,2
2015-02-23,12,1,2
2015-02-24,6,1,6
2015-02-25,14,0,6
2015-02-26,17,0,5
2015-02-27,22,4,3
2015-02-28,3,3,19
2015-03-01,7,5,0
2015-03-02,5,6,3
2015-03-03,6,0,6
2015-03-04,6,0,0
2015-03-05,21,0,0
2015-03-06,17,0,0
2015-03-07,21,0,6
2015-03-08,8,2,2
2015-03-09,13,1,25
2015-03-10,15,0,1
2015-03-11,32,0,23
2015-03-12,23,3,3
2015-03-13,11,0,4
2015-03-14,4,0,0
2015-03-15,8,0,0
2015-03-16,11,0,0
2015-03-17,6,2,15
2015-03-18,22,0,2
2015-03-19,9,0,3
2015-03-20,18,1,2
2015-03-21,0,0,1
2015-03-22,4,0,4
2015-03-23,7,0,2
2015-03-24,8,5,2
2015-03-25,18,0,1
2015-03-26,15,2,0
2015-03-27,7,0,4
2015-03-28,3,1,1
2015-03-29,3,0,2
2015-03-30,13,0,0
2015-03-31,12,5,6
2015-04-01,30,6,0
2015-04-02,14,0,6
2015-04-03,11,1,9
2015-04-04,22,3,1
2015-04-05,28,0,8
2015-04-06,9,3,5
2015-04-07,12,9,9
2015-04-08,22,11,3
2015-04-09,8,8,20
2015-04-10,4,7,5
2015-04-11,9,0,3
2015-04-12,1,1,1
2015-04-13,3,4,2
2015-04-14,11,1,1
2015-04-15,9,12,4
2015-04-16,1,5,5
2015-04-17,0,2,1
2015-04-18,3,0,0
2015-04-19,1,0,1
2015-04-20,23,6,0
2015-04-21,14,10,3
2015-04-22,10,3,15
2015-04-23,3,0,1
2015-04-24,3,8,3
2015-04-25,0,0,1
2015-04-26,3,8,1
2015-04-27,8,10,0
2015-04-28,0,15,2
2015-04-29,5,0,2
2015-04-30,3,1,8
2015-05-01,1,4,9
2015-05-02,1,2,4
2015-05-03,4,0,2
2015-05-04,7,14,3
2015-05-05,16,4,9
2015-05-06,13,1,6
2015-05-07,6,2,3
2015-05-08,10,0,1
2015-05-09,13,12,3
2015-05-10,5,0,4
2015-05-11,11,4,6
2015-05-12,4,0,11
2015-05-13,5,5,20
2015-05-14,2,7,7
2015-05-15,3,7,8
2015-05-16,0,0,1
2015-05-17,0,0,2
2015-05-18,1,1,2
2015-05-19,8,0,5
2015-05-20,2,9,10
2015-05-21,16,1,10
2015-05-22,16,1,96
2015-05-23,14,0,0
2015-05-24,3,0,14
2015-05-25,11,3,15
2015-05-26,12,1,7
2015-05-27,17,1,14
2015-05-28,12,0,2
2015-05-29,15,0,8
2015-05-30,2,0,5
2015-05-31,16,0,2
2015-06-01,6,2,0
2015-06-02,4,0,14
2015-06-03,4,1,14
2015-06-04,3,1,4
2015-06-05,4,0,5
2015-06-06,4,0,4
2015-06-07,6,0,1
2015-06-08,5,1,24
2015-06-09,5,0,10
2015-06-10,8,0,9
2015-06-11,1,0,1
2015-06-12,20,1,4
2015-06-13,13,3,1
2015-06-14,18,1,8
2015-06-15,9,3,11
2015-06-16,26,5,11
2015-06-17,17,5,15
2015-06-18,23,0,9
2015-06-19,31,0,4
2015-06-20,13,11,5
2015-06-21,5,2,0
2015-06-22,9,5,5
2015-06-23,7,0,9
2015-06-24,16,2,16
2015-06-25,17,2,3
2015-06-26,11,3,6
2015-06-27,18,0,0
2015-06-28,14,3,2
2015-06-29,6,5,3
2015-06-30,13,8,4
2015-07-01,29,3,5
2015-07-02,14,5,6
2015-07-03,22,5,7
2015-07-04,8,2,2
2015-07-05,2,5,8
2015-07-06,11,3,4
2015-07-07,19,7,7
2015-07-08,22,12,5
2015-07-09,13,15,6
2015-07-10,7,0,5
2015-07-11,13,0,10
2015-07-12,11,0,3
2015-07-13,66,6,2
2015-07-14,23,5,10
2015-07-15,16,2,10
2015-07-16,9,0,0
2015-07-17,4,5,3
2015-07-18,3,0,4
2015-07-19,3,1,2
2015-07-20,12,2,7
2015-07-21,14,6,10
2015-07-22,17,3,10
2015-07-23,9,2,0
2015-07-24,7,11,0
2015-07-25,4,0,0
2015-07-26,17,0,0
2015-07-27,17,1,1
2015-07-28,16,5,7
2015-07-29,39,4,4
2015-07-30,3,6,2
2015-07-31,1,13,0
2015-08-01,0,5,0
2015-08-02,1,2,0
2015-08-03,1,9,2
2015-08-04,11,7,5
2015-08-05,1,1,0
2015-08-06,5,13,0
2015-08-07,3,17,0
2015-08-08,1,2,3
2015-08-09,4,0,3
2015-08-10,5,0,22
2015-08-11,5,3,15
2015-08-12,1,10,7
2015-08-13,3,2,7
2015-08-14,4,4,0
2015-08-15,1,1,5
2015-08-16,0,3,2
2015-08-17,10,1,0
2015-08-18,9,7,0
2015-08-19,10,3,7
2015-08-20,28,8,20
2015-08-21,22,9,25
2015-08-22,9,0,0
2015-08-23,6,0,1
2015-08-24,7,6,15
2015-08-25,18,5,21
2015-08-26,22,3,32
2015-08-27,8,0,18
2015-08-28,27,8,36
2015-08-29,5,8,1
2015-08-30,11,2,2
2015-08-31,21,11,10
2015-09-01,11,3,21
2015-09-02,20,5,75
2015-09-03,24,6,4
2015-09-04,10,3,1
2015-09-05,26,2,0
2015-09-06,4,4,0
2015-09-07,7,11,1
2015-09-08,7,8,3
2015-09-09,19,5,2
2015-09-10,39,6,0
2015-09-11,29,16,2
2015-09-12,26,0,0
2015-09-13,6,7,0
2015-09-14,34,14,1
2015-09-15,37,10,0
2015-09-16,32,18,0
2015-09-17,20,6,2
2015-09-18,42,7,4
2015-09-19,19,0,0
2015-09-20,24,1,1
2015-09-21,8,0,2
2015-09-22,83,0,3
2015-09-23,12,0,9
2015-09-24,63,0,6
2015-09-25,40,1,8
2015-09-26,42,0,2
2015-09-27,45,3,10
2015-09-28,20,6,0
2015-09-29,33,1,5
2015-09-30,15,2,0
2015-10-01,36,2,0
2015-10-02,31,1,1
2015-10-03,27,3,0
2015-10-04,5,1,0
2015-10-05,19,2,0
2015-10-06,46,5,12
2015-10-07,33,2,7
2015-10-08,54,8,3
2015-10-09,20,1,4
2015-10-10,24,0,2
2015-10-11,6,0,4
2015-10-12,66,3,16
2015-10-13,62,6,8
2015-10-14,18,5,13
2015-10-15,43,11,30
2015-10-16,18,9,9
2015-10-17,22,0,2
2015-10-18,13,0,4
2015-10-19,8,12,8
2015-10-20,34,11,7
2015-10-21,42,13,10
2015-10-22,12,3,10
2015-10-23,15,9,9
2015-10-24,11,6,0
2015-10-25,3,4,1
2015-10-26,13,10,3
2015-10-27,3,8,13
2015-10-28,18,8,7
2015-10-29,10,18,4
2015-10-30,28,13,1
2015-10-31,16,1,0
2015-11-01,6,7,3
2015-11-02,3,9,20
2015-11-03,7,2,10
2015-11-04,36,3,8
2015-11-05,14,3,2
2015-11-06,12,2,0
2015-11-07,10,0,0
2015-11-08,7,0,0
2015-11-09,16,0,3
2015-11-10,12,5,2
2015-11-11,21,4,2
2015-11-12,9,6,8
2015-11-13,2,8,0
2015-11-14,1,0,0
2015-11-15,2,0,2
2015-11-16,10,2,10
2015-11-17,9,12,6
2015-11-18,41,21,6
2015-11-19,10,17,4
2015-11-20,14,11,8
2015-11-21,1,9,4
2015-11-22,5,6,3
2015-11-23,3,3,14
2015-11-24,3,21,8
2015-11-25,9,4,3
2015-11-26,0,10,12
2015-11-27,0,3,1
2015-11-28,2,1,0
2015-11-29,2,0,1
2015-11-30,2,15,17
2015-12-01,6,12,18
2015-12-02,0,9,9
2015-12-03,5,6,6
2015-12-04,12,8,9
2015-12-05,0,2,2
2015-12-06,34,3,3
2015-12-07,9,5,9
2015-12-08,9,2,5
2015-12-09,4,5,6
2015-12-10,7,10,14
2015-12-11,19,10,0
2015-12-12,16,20,0
2015-12-13,13,1,0
2015-12-14,33,1,1
2015-12-15,11,4,28
2015-12-16,31,1,5
2015-12-17,17,4,2
2015-12-18,12,19,5
2015-12-19,16,12,1
2015-12-20,3,9,3
2015-12-21,13,6,4
2015-12-22,4,15,1
2015-12-23,13,8,1
2015-12-24,3,4,0
2015-12-25,5,1,0
2015-12-26,11,1,0
2015-12-27,2,0,0
2015-12-28,6,7,3
2015-12-29,4,2,0
2015-12-30,6,3,0
2015-12-31,12,8,0
2016-01-01,3,0,0
2016-01-02,2,2,0
2016-01-03,5,1,3
2016-01-04,3,10,4
2016-01-05,9,13,6
2016-01-06,7,11,4
2016-01-07,6,20,1
2016-01-08,9,7,7
2016-01-09,18,3,9
2016-01-10,8,8,0
2016-01-11,8,2,10
2016-01-12,6,5,28
2016-01-13,19,1,19
2016-01-14,12,4,3
2016-01-15,24,8,5
2016-01-16,1,0,6
2016-01-17,9,2,3
2016-01-18,6,8,4
2016-01-19,6,26,28
2016-01-20,8,3,10
2016-01-21,6,17,2
2016-01-22,7,15,0
2016-01-23,5,0,7
2016-01-24,2,2,0
2016-01-25,5,13,18
2016-01-26,12,14,7
2016-01-27,6,25,0
2016-01-28,4,21,3
2016-01-29,1,23,0
2016-01-30,5,8,0
2016-01-31,2,6,1
2016-02-01,2,26,1
2016-02-02,6,22,11
2016-02-03,4,5,14
2016-02-04,3,10,19
2016-02-05,5,14,13
2016-02-06,5,1,4
2016-02-07,17,1,2
2016-02-08,0,0,46
2016-02-09,1,2,19
2016-02-10,2,0,6
2016-02-11,3,11,13
2016-02-12,12,5,3
2016-02-13,5,3,1
2016-02-14,0,1,9
2016-02-15,1,7,14
2016-02-16,14,3,8
2016-02-17,25,6,11
2016-02-18,15,14,30
2016-02-19,11,16,12
2016-02-20,12,0,2
2016-02-21,2,0,2
2016-02-22,13,15,7
2016-02-23,38,8,3
2016-02-24,42,5,9
2016-02-25,15,8,0
2016-02-26,27,3,0
2016-02-27,6,0,2
2016-02-28,20,0,3
2016-02-29,24,9,1
2016-03-01,6,16,9
2016-03-02,11,3,2
2016-03-03,30,11,4
2016-03-04,12,7,0
2016-03-05,14,3,0
2016-03-06,6,2,0
2016-03-07,8,13,5
2016-03-08,9,4,1
2016-03-09,25,1,0
2016-03-10,39,6,0
2016-03-11,1,4,0
2016-03-12,5,0,1
2016-03-13,8,0,1
2016-03-14,12,7,3
2016-03-15,5,4,7
2016-03-16,23,5,0
2016-03-17,8,7,1
2016-03-18,6,3,1
2016-03-19,0,1,0
2016-03-20,0,0,3
2016-03-21,3,5,12
2016-03-22,19,2,18
2016-03-23,16,0,1
2016-03-24,4,8,7
2016-03-25,2,0,5
2016-03-26,0,1,2
2016-03-27,3,0,0
2016-03-28,2,0,1
2016-03-29,1,0,7
2016-03-30,16,0,4
2016-03-31,0,12,13
2016-04-01,1,5,2
2016-04-02,2,0,1
2016-04-03,0,0,2
2016-04-04,2,2,16
2016-04-05,2,5,2
2016-04-06,5,8,4
2016-04-07,2,8,0
2016-04-08,2,1,30
2016-04-09,1,1,5
2016-04-10,4,0,6
2016-04-11,4,4,6
2016-04-12,5,10,4
2016-04-13,9,8,11
2016-04-14,12,6,26
2016-04-15,7,0,6
2016-04-16,8,0,0
2016-04-17,8,0,0
2016-04-18,12,3,5
2016-04-19,5,10,18
2016-04-20,15,17,7
2016-04-21,15,5,3
2016-04-22,12,4,0
2016-04-23,1,1,0
2016-04-24,0,0,0
2016-04-25,0,0,2
2016-04-26,4,4,16
2016-04-27,5,8,1
2016-04-28,4,5,19
2016-04-29,6,3,1
2016-04-30,4,1,0
2016-05-01,8,0,0
2016-05-02,12,2,1
2016-05-03,3,3,4
2016-05-04,5,2,1
2016-05-05,6,0,6
2016-05-06,2,0,1
2016-05-07,1,3,6
2016-05-08,1,0,17
2016-05-09,1,2,4
2016-05-10,12,3,0
2016-05-11,2,3,34
2016-05-12,8,5,13
2016-05-13,6,0,11
2016-05-14,1,0,3
2016-05-15,1,0,2
2016-05-16,6,4,9
2016-05-17,10,2,9
2016-05-18,3,2,10
2016-05-19,7,0,8
2016-05-20,10,9,23
2016-05-21,3,0,4
2016-05-22,38,0,9
2016-05-23,26,4,10
2016-05-24,9,4,8
2016-05-25,17,7,5
2016-05-26,9,1,0
2016-05-27,8,3,8
2016-05-28,1,4,3
2016-05-29,1,3,2
2016-05-30,7,11,6
2016-05-31,3,9,2
2016-06-01,14,1,9
2016-06-02,13,2,9
2016-06-03,3,2,12
2016-06-04,1,0,7
2016-06-05,1,0,1
2016-06-06,12,2,7
2016-06-07,2,0,6
2016-06-08,9,0,8
2016-06-09,11,1,27
2016-06-10,10,3,25
2016-06-11,6,2,12
2016-06-12,3,0,0
2016-06-13,0,0,16
2016-06-14,17,1,14
2016-06-15,11,1,15
2016-06-16,11,2,6
2016-06-17,8,2,6
2016-06-18,3,0,12
2016-06-19,5,0,1
2016-06-20,2,2,6
2016-06-21,5,1,10
2016-06-22,0,0,3
2016-06-23,0,0,6
2016-06-24,0,0,0
2016-06-25,0,0,0
2016-06-26,10,0,2
2016-06-27,2,0,3
2016-06-28,21,1,7
2016-06-29,21,1,11
2016-06-30,11,0,6
2016-07-01,3,2,1
2016-07-02,2,0,1
2016-07-03,0,0,0
2016-07-04,18,2,2
2016-07-05,19,1,4
2016-07-06,14,0,2
2016-07-07,13,0,1
2016-07-08,10,0,3
2016-07-09,9,0,4
2016-07-10,5,0,0
2016-07-11,1,6,2
2016-07-12,6,0,3
2016-07-13,22,3,1
2016-07-14,3,7,9
2016-07-15,1,4,15
2016-07-16,6,3,0
2016-07-17,14,0,0
2016-07-18,12,0,5
2016-07-19,12,2,6
2016-07-20,16,4,3
2016-07-21,8,0,6
2016-07-22,9,4,7
2016-07-23,5,0,0
2016-07-24,0,0,1
2016-07-25,4,0,2
2016-07-26,8,0,10
2016-07-27,11,1,3
2016-07-28,0,0,6
2016-07-29,0,0,5
2016-07-30,0,0,1
2016-07-31,5,1,3
2016-08-01,0,1,6
2016-08-02,1,0,1
2016-08-03,6,0,1
2016-08-04,7,0,1
2016-08-05,4,0,0
2016-08-06,0,0,14
2016-08-07,3,0,4
2016-08-08,4,0,1
2016-08-09,10,1,0
2016-08-10,4,1,11
2016-08-11,1,5,5
2016-08-12,1,0,5
2016-08-13,5,0,4
2016-08-14,0,5,0
2016-08-15,2,0,2
2016-08-16,1,2,0
2016-08-17,2,5,4
2016-08-18,8,16,8
2016-08-19,4,1,7
2016-08-20,9,0,1
2016-08-21,3,2,0
2016-08-22,22,5,10
2016-08-23,23,3,13
2016-08-24,2,6,8
2016-08-25,8,7,12
2016-08-26,36,3,4
2016-08-27,19,1,0
2016-08-28,17,0,0
2016-08-29,8,0,6
2016-08-30,17,2,2
2016-08-31,24,2,0
2016-09-01,12,4,9
2016-09-02,12,5,0
2016-09-03,2,3,0
2016-09-04,3,0,0
2016-09-05,2,0,0
2016-09-06,3,3,8
2016-09-07,4,7,0
2016-09-08,10,4,0
2016-09-09,5,10,0
2016-09-10,0,0,0
2016-09-11,2,0,0
2016-09-12,4,0,0
2016-09-13,8,0,0
2016-09-14,10,0,35
2016-09-15,3,0,4
2016-09-16,0,1,0
2016-09-17,4,0,0
2016-09-18,4,1,0
2016-09-19,1,6,14
2016-09-20,13,0,53
2016-09-21,4,1,3
2016-09-22,5,0,1
2016-09-23,3,8,5
2016-09-24,0,2,2
2016-09-25,4,0,0
2016-09-26,3,1,19
2016-09-27,10,9,2
2016-09-28,7,4,2
2016-09-29,5,5,1
2016-09-30,21,3,8
2016-10-01,1,3,2
2016-10-02,2,0,1
2016-10-03,11,4,10
2016-10-04,14,3,3
2016-10-05,8,1,6
2016-10-06,7,11,5
2016-10-07,14,3,16
2016-10-08,5,0,1
2016-10-09,6,0,0
2016-10-10,5,1,31
2016-10-11,8,5,8
2016-10-12,4,7,4
2016-10-13,2,2,6
2016-10-14,11,4,7
2016-10-15,0,0,0
2016-10-16,5,0,0
2016-10-17,7,0,14
2016-10-18,1,0,5
2016-10-19,21,6,3
2016-10-20,17,3,0
2016-10-21,20,0,14
2016-10-22,0,0,2
2016-10-23,13,9,0
2016-10-24,11,1,7
2016-10-25,43,5,3
2016-10-26,36,0,2
2016-10-27,16,1,1
2016-10-28,12,1,10
2016-10-29,6,0,0
2016-10-30,34,0,0
2016-10-31,22,0,9
2016-11-01,18,4,0
2016-11-02,18,1,2
2016-11-03,18,0,10
2016-11-04,26,1,0
2016-11-05,3,0,6
2016-11-06,2,0,1
2016-11-07,3,2,10
2016-11-08,20,1,7
2016-11-09,15,2,7
2016-11-10,11,0,4
2016-11-11,6,0,0
2016-11-12,1,0,0
2016-11-13,10,0,0
2016-11-14,16,0,25
2016-11-15,27,1,5
2016-11-16,14,0,8
2016-11-17,11,0,7
2016-11-18,20,0,0
2016-11-19,16,3,0
2016-11-20,2,0,0
2016-11-21,15,0,1
2016-11-22,3,1,0
2016-11-23,12,0,0
2016-11-24,4,2,0
2016-11-25,0,2,0
2016-11-26,0,0,7
2016-11-27,0,1,5
2016-11-28,0,3,2
2016-11-29,9,2,0
2016-11-30,13,0,0
2016-12-01,6,2,2
2016-12-02,22,3,0
2016-12-03,14,1,2
2016-12-04,15,0,0
2016-12-05,5,2,0
2016-12-06,10,0,0
2016-12-07,14,6,0
2016-12-08,2,4,0
2016-12-09,10,0,4
2016-12-10,7,1,0
2016-12-11,2,0,0
2016-12-12,11,3,0
2016-12-13,8,3,0
2016-12-14,3,3,0
2016-12-15,1,0,0
2016-12-16,6,2,0
2016-12-17,1,3,0
2016-12-18,0,0,0
2016-12-19,0,1,0
2016-12-20,5,2,1
2016-12-21,2,6,1
2016-12-22,1,4,0
2016-12-23,2,1,0
2016-12-24,0,0,0
2016-12-25,0,0,2
2016-12-26,0,4,0
2016-12-27,4,0,0
2016-12-28,1,0,0
2016-12-29,3,0,0
2016-12-30,4,0,0
2016-12-31,0,0,0
2017-01-01,0,0,0
2017-01-02,4,0,0
2017-01-03,1,3,0
2017-01-04,12,2,45
2017-01-05,11,7,1
2017-01-06,16,1,1
2017-01-07,3,0,0
2017-01-08,0,0,2
2017-01-09,2,1,3
2017-01-10,3,0,4
2017-01-11,10,1,6
2017-01-12,11,4,1
2017-01-13,7,2,9
2017-01-14,0,0,0
2017-01-15,8,0,1
2017-01-16,6,0,4
2017-01-17,8,5,4
2017-01-18,0,5,1
2017-01-19,2,0,7
2017-01-20,11,2,6
2017-01-21,4,1,0
2017-01-22,1,1,2
2017-01-23,0,0,8
2017-01-24,8,0,9
2017-01-25,1,1,11
2017-01-26,9,1,14
2017-01-27,5,4,0
2017-01-28,2,0,0
2017-01-29,5,0,0
2017-01-30,1,10,10
2017-01-31,4,2,4
2017-02-01,3,0,9
2017-02-02,0,1,2
2017-02-03,2,1,6
2017-02-04,0,0,10
2017-02-05,4,0,0
2017-02-06,5,0,9
2017-02-07,0,1,4
2017-02-08,2,4,19
2017-02-09,1,2,2
2017-02-10,2,6,6
2017-02-11,1,0,6
2017-02-12,2,0,0
2017-02-13,0,0,2
2017-02-14,2,0,3
2017-02-15,2,3,4
2017-02-16,4,4,4
2017-02-17,8,5,19
2017-02-18,1,0,5
2017-02-19,1,0,2
2017-02-20,3,1,0
2017-02-21,1,1,10
2017-02-22,1,2,2
2017-02-23,4,0,5
2017-02-24,6,0,3
2017-02-25,4,0,0
2017-02-26,3,3,0
2017-02-27,5,3,6
2017-02-28,1,2,4
2017-03-01,0,0,23
2017-03-02,3,0,32
2017-03-03,4,0,23
2017-03-04,0,3,0
2017-03-05,0,0,0
2017-03-06,6,4,2
2017-03-07,3,2,3
2017-03-08,4,2,23
2017-03-09,7,2,4
2017-03-10,7,1,3
2017-03-11,4,0,1
2017-03-12,0,0,0
2017-03-13,1,1,13
2017-03-14,1,2,26
2017-03-15,0,2,6
2017-03-16,2,2,2
2017-03-17,6,4,1
2017-03-18,4,4,0
2017-03-19,2,0,0
2017-03-20,1,6,12
2017-03-21,0,1,6
2017-03-22,7,7,5
2017-03-23,7,0,5
2017-03-24,4,0,5
2017-03-25,2,0,0
2017-03-26,0,2,1
2017-03-27,3,1,0
2017-03-28,5,0,3
2017-03-29,3,0,5
2017-03-30,3,2,5
2017-03-31,5,6,0
2017-04-01,4,0,0
2017-04-02,1,1,0
2017-04-03,0,1,5
2017-04-04,0,6,27
2017-04-05,9,0,22
2017-04-06,3,0,11
2017-04-07,7,0,9
2017-04-08,0,0,1
2017-04-09,3,0,0
2017-04-10,4,4,7
2017-04-11,1,8,18
2017-04-12,2,2,0
2017-04-13,4,5,5
2017-04-14,3,5,4
2017-04-15,3,0,4
2017-04-16,0,0,0
2017-04-17,1,0,7
2017-04-18,2,0,1
2017-04-19,7,6,12
2017-04-20,3,3,4
2017-04-21,3,7,0
2017-04-22,19,2,0
2017-04-23,12,0,0
2017-04-24,2,5,17
2017-04-25,1,3,8
2017-04-26,0,0,0
2017-04-27,1,0,0
2017-04-28,0,0,0
2017-04-29,1,0,0
2017-04-30,2,0,0
2017-05-01,5,0,0
2017-05-02,3,0,2
2017-05-03,1,0,0
2017-05-04,1,3,0
2017-05-05,3,7,0
2017-05-06,3,2,0
2017-05-07,5,0,2
2017-05-08,5,0,3
2017-05-09,11,5,3
2017-05-10,16,8,7
2017-05-11,23,3,1
2017-05-12,17,6,9
2017-05-13,1,0,0
2017-05-14,5,0,0
2017-05-15,6,6,8
2017-05-16,9,6,1
2017-05-17,3,10,3
2017-05-18,14,10,3
2017-05-19,21,4,0
2017-05-20,3,0,0
2017-05-21,1,4,1
2017-05-22,8,4,4
2017-05-23,5,0,10
2017-05-24,1,5,6
2017-05-25,13,1,0
2017-05-26,1,4,0
2017-05-27,2,2,0
2017-05-28,0,0,0
2017-05-29,1,3,4
2017-05-30,4,1,9
2017-05-31,2,3,7
2017-06-01,8,0,8
2017-06-02,2,1,0
2017-06-03,0,0,0
2017-06-04,0,2,2
2017-06-05,2,0,1
2017-06-06,0,3,6
2017-06-07,3,0,5
2017-06-08,2,2,13
2017-06-09,2,0,0
2017-06-10,1,0,0
2017-06-11,1,0,0
2017-06-12,2,1,2
2017-06-13,3,0,4
2017-06-14,0,0,1
2017-06-15,15,3,7
2017-06-16,0,0,0
2017-06-17,0,0,0
2017-06-18,1,0,0
2017-06-19,0,0,6
2017-06-20,1,1,3
2017-06-21,3,0,4
2017-06-22,2,3,11
2017-06-23,3,0,4
2017-06-24,3,0,0
2017-06-25,22,0,0
2017-06-26,5,1,0
2017-06-27,3,2,1
2017-06-28,1,2,0
2017-06-29,5,5,1
2017-06-30,9,1,0
2017-07-01,19,0,0
2017-07-02,2,0,0
2017-07-03,2,1,0
2017-07-04,4,1,3
2017-07-05,8,1,4
2017-07-06,7,0,4
2017-07-07,2,1,2
2017-07-08,0,0,0
2017-07-09,1,0,2
2017-07-10,3,0,11
2017-07-11,3,3,9
2017-07-12,7,2,0
2017-07-13,6,0,1
2017-07-14,8,0,0
2017-07-15,1,0,0
2017-07-16,1,4,0
2017-07-17,4,3,0
2017-07-18,4,2,5
2017-07-19,5,5,0
2017-07-20,14,0,16
2017-07-21,5,0,7
2017-07-22,0,0,5
2017-07-23,5,0,0
2017-07-24,7,0,0
2017-07-25,11,0,2
2017-07-26,7,2,5
2017-07-27,17,2,10
2017-07-28,6,0,5
2017-07-29,2,0,0
2017-07-30,10,0,0
2017-07-31,2,0,19
2017-08-01,3,0,16
2017-08-02,6,2,13
2017-08-03,15,0,13
2017-08-04,5,0,1
2017-08-05,2,0,3
2017-08-06,0,0,0
2017-08-07,0,0,0
2017-08-08,1,2,7
2017-08-09,2,0,2
2017-08-10,1,4,10
2017-08-11,1,4,1
2017-08-12,4,0,0
2017-08-13,6,0,0
2017-08-14,5,3,2
2017-08-15,1,3,18
2017-08-16,3,4,5
2017-08-17,2,2,11
2017-08-18,8,1,2
2017-08-19,4,0,0
2017-08-20,14,0,0
2017-08-21,1,0,2
2017-08-22,7,2,14
2017-08-23,2,2,0
2017-08-24,5,4,7
2017-08-25,4,4,1
2017-08-26,1,3,0
2017-08-27,0,2,0
2017-08-28,1,3,1
2017-08-29,2,4,12
2017-08-30,2,1,2
2017-08-31,2,0,7
2017-09-01,2,1,1
2017-09-02,0,0,2
2017-09-03,2,0,0
2017-09-04,6,0,2
2017-09-05,1,4,11
2017-09-06,3,6,1
2017-09-07,0,6,13
2017-09-08,12,8,0
2017-09-09,8,0,0
2017-09-10,6,0,1
2017-09-11,6,1,5
2017-09-12,3,0,10
2017-09-13,3,1,1
2017-09-14,1,4,5
2017-09-15,2,8,0
2017-09-16,2,0,0
2017-09-17,3,0,0
2017-09-18,2,0,4
2017-09-19,13,1,6
2017-09-20,4,0,6
2017-09-21,9,1,9
2017-09-22,15,0,2
2017-09-23,8,4,0
2017-09-24,7,0,0
2017-09-25,6,2,12
2017-09-26,10,2,12
2017-09-27,22,2,4
2017-09-28,10,3,15
2017-09-29,13,4,0
2017-09-30,4,1,0
2017-10-01,5,0,0
2017-10-02,33,1,1
2017-10-03,27,1,12
2017-10-04,37,4,13
2017-10-05,22,2,8
2017-10-06,8,0,3
2017-10-07,2,0,0
2017-10-08,4,0,0
2017-10-09,10,0,6
2017-10-10,16,0,6
2017-10-11,16,11,2
2017-10-12,15,8,3
2017-10-13,11,2,7
2017-10-14,2,0,0
2017-10-15,7,0,0
2017-10-16,17,2,0
2017-10-17,2,2,4
2017-10-18,44,4,4
2017-10-19,19,5,7
2017-10-20,8,2,0
2017-10-21,8,0,0
2017-10-22,1,0,0
2017-10-23,16,2,2
2017-10-24,30,0,5
2017-10-25,12,1,3
2017-10-26,2,0,11
2017-10-27,3,4,0
2017-10-28,5,0,1
2017-10-29,3,0,0
2017-10-30,5,3,3
2017-10-31,7,7,11
2017-11-01,2,4,6
2017-11-02,7,2,5
2017-11-03,3,0,1
2017-11-04,0,0,0
2017-11-05,0,0,1
2017-11-06,3,3,3
2017-11-07,9,5,12
2017-11-08,4,4,6
2017-11-09,4,0,13
2017-11-10,10,1,8
2017-11-11,1,0,0
2017-11-12,1,0,0
2017-11-13,7,1,1
2017-11-14,3,0,11
2017-11-15,6,0,0
2017-11-16,1,1,9
2017-11-17,3,2,3
2017-11-18,0,0,0
2017-11-19,1,0,0
2017-11-20,6,0,0
2017-11-21,2,0,8
2017-11-22,1,0,3
2017-11-23,4,0,0
2017-11-24,3,0,2
2017-11-25,0,0,4
2017-11-26,2,0,0
2017-11-27,4,0,1
2017-11-28,3,9,9
2017-11-29,7,1,11
2017-11-30,2,0,7
2017-12-01,5,8,0
2017-12-02,0,0,1
2017-12-03,11,1,0
2017-12-04,8,0,5
2017-12-05,0,6,8
2017-12-06,0,10,4
2017-12-07,4,0,4
2017-12-08,1,1,0
2017-12-09,2,1,0
2017-12-10,1,0,0
2017-12-11,4,7,4
2017-12-12,3,7,7
2017-12-13,2,0,17
2017-12-14,1,2,29
2017-12-15,11,7,3
2017-12-16,3,0,0
2017-12-17,0,1,0
2017-12-18,5,6,1
2017-12-19,1,1,0
2017-12-20,1,0,0
2017-12-21,3,0,0
2017-12-22,2,0,1
2017-12-23,0,0,0
2017-12-24,0,0,0
2017-12-25,0,0,0
2017-12-26,0,1,0
2017-12-27,0,5,1
2017-12-28,0,1,0
2017-12-29,1,5,0
2017-12-30,1,0,0
2017-12-31,0,0,0
2018-01-01,2,1,0
2018-01-02,1,0,17
2018-01-03,0,0,12
2018-01-04,1,1,7
2018-01-05,0,0,2
2018-01-06,0,0,0
2018-01-07,0,0,1
2018-01-08,2,0,6
2018-01-09,0,3,14
2018-01-10,3,2,0
2018-01-11,1,0,5
2018-01-12,2,1,12
2018-01-13,2,0,0
2018-01-14,1,0,0
2018-01-15,6,0,0
2018-01-16,9,0,4
2018-01-17,3,0,6
2018-01-18,4,0,3
2018-01-19,0,14,0
2018-01-20,1,0,0
2018-01-21,1,0,0
2018-01-22,7,3,1
2018-01-23,10,0,6
2018-01-24,15,1,2
2018-01-25,1,2,4
2018-01-26,0,0,0
2018-01-27,0,0,2
2018-01-28,0,0,4
2018-01-29,3,0,4
2018-01-30,6,0,6
2018-01-31,2,3,3
2018-02-01,8,0,7
2018-02-02,3,0,2
2018-02-03,6,4,5
2018-02-04,1,0,2
2018-02-05,2,2,0
2018-02-06,3,2,1
2018-02-07,9,0,11
2018-02-08,5,0,0
2018-02-09,10,1,0
2018-02-10,3,0,0
2018-02-11,15,0,0
2018-02-12,5,0,0
2018-02-13,4,0,1
2018-02-14,1,0,7
2018-02-15,4,3,13
2018-02-16,0,1,0
2018-02-17,1,6,1
2018-02-18,1,2,0
2018-02-19,3,3,2
2018-02-20,1,4,11
2018-02-21,7,5,10
2018-02-22,2,4,3
2018-02-23,0,0,0
2018-02-24,2,1,0
2018-02-25,20,4,0
2018-02-26,7,0,0
2018-02-27,3,0,0
2018-02-28,5,0,4
2018-03-01,1,2,0
2018-03-02,3,1,0
2018-03-03,0,0,0
2018-03-04,7,0,1
2018-03-05,11,0,6
2018-03-06,2,0,4
2018-03-07,3,1,1
2018-03-08,11,1,0
2018-03-09,7,7,2
2018-03-10,5,0,0
2018-03-11,4,5,0
2018-03-12,3,0,1
2018-03-13,2,2,3
2018-03-14,0,0,11
2018-03-15,0,1,8
2018-03-16,3,1,5
2018-03-17,2,0,0
2018-03-18,4,6,0
2018-03-19,2,1,20
2018-03-20,7,3,3
2018-03-21,0,6,2
2018-03-22,3,0,2
2018-03-23,1,0,1
2018-03-24,0,1,0
2018-03-25,5,0,0
2018-03-26,0,0,5
2018-03-27,2,0,9
2018-03-28,5,0,0
2018-03-29,0,2,0
2018-03-30,0,0,0
2018-03-31,0,0,0
2018-04-01,0,0,0
2018-04-02,1,0,11
2018-04-03,5,1,6
2018-04-04,0,0,1
2018-04-05,3,0,10
2018-04-06,2,0,10
2018-04-07,0,0,0
2018-04-08,0,0,0
2018-04-09,1,7,5
2018-04-10,3,1,8
2018-04-11,2,0,5
2018-04-12,1,7,3
2018-04-13,7,1,3
2018-04-14,0,5,1
2018-04-15,0,0,8
2018-04-16,6,1,1
2018-04-17,1,0,10
2018-04-18,3,4,6
2018-04-19,5,1,1
2018-04-20,2,3,10
2018-04-21,0,0,0
2018-04-22,1,1,0
2018-04-23,1,1,8
2018-04-24,3,3,8
2018-04-25,5,0,21
2018-04-26,1,0,4
2018-04-27,6,6,0
2018-04-28,5,4,0
2018-04-29,10,0,0
2018-04-30,13,1,10
2018-05-01,15,0,19
2018-05-02,15,0,4
2018-05-03,19,0,3
2018-05-04,3,2,2
2018-05-05,2,0,0
2018-05-06,0,0,0
2018-05-07,4,2,2
2018-05-08,4,4,10
2018-05-09,12,3,7
2018-05-10,15,3,2
2018-05-11,3,4,0
2018-05-12,2,0,0
2018-05-13,3,0,0
2018-05-14,10,4,9
2018-05-15,7,15,10
2018-05-16,2,0,4
2018-05-17,2,4,9
2018-05-18,0,0,3
2018-05-19,0,0,0
2018-05-20,0,1,0
2018-05-21,3,0,2
2018-05-22,1,1,7
2018-05-23,4,0,9
2018-05-24,0,0,2
2018-05-25,3,0,0
2018-05-26,1,0,0
2018-05-27,3,0,0
2018-05-28,0,0,6
2018-05-29,0,1,6
2018-05-30,0,1,1
2018-05-31,0,6,2
2018-06-01,0,1,5
2018-06-02,0,0,3
2018-06-03,0,0,0
2018-06-04,0,0,12
2018-06-05,0,0,5
2018-06-06,0,0,4
2018-06-07,0,0,7
2018-06-08,0,6,2
2018-06-09,0,0,0
2018-06-10,0,0,0
2018-06-11,0,0,13
2018-06-12,0,5,9
2018-06-13,0,0,5
2018-06-14,0,5,12
2018-06-15,0,5,6
2018-06-16,0,0,0
2018-06-17,0,0,1
2018-06-18,0,0,1
2018-06-19,0,8,6
2018-06-20,0,9,8
2018-06-21,0,0,6
2018-06-22,0,1,2
2018-06-23,0,0,0
2018-06-24,0,0,10
2018-06-25,0,0,6
2018-06-26,0,0,9
2018-06-27,0,0,0
2018-06-28,53,0,2
2018-06-29,0,0,0
2018-06-30,0,0,0
2018-07-01,0,0,0
2018-07-02,1,2,7
2018-07-03,3,0,4
2018-07-04,1,0,0
2018-07-05,5,7,0
2018-07-06,0,1,0
2018-07-07,0,0,0
2018-07-08,1,0,0
2018-07-09,1,0,2
2018-07-10,0,0,8
2018-07-11,1,0,1
2018-07-12,0,0,2
2018-07-13,3,7,0
2018-07-14,0,2,0
2018-07-15,1,0,0
2018-07-16,5,0,0
2018-07-17,17,0,4
2018-07-18,5,0,9
2018-07-19,5,2,0
2018-07-20,1,2,6
2018-07-21,0,0,0
2018-07-22,1,0,0
2018-07-23,2,0,7
2018-07-24,4,0,8
2018-07-25,1,0,9
2018-07-26,0,0,2
2018-07-27,2,2,0
2018-07-28,1,0,0
2018-07-29,0,0,0
2018-07-30,0,1,4
2018-07-31,2,8,5
2018-08-01,1,0,4
2018-08-02,3,1,3
2018-08-03,0,2,2
2018-08-04,0,0,0
2018-08-05,0,0,0
2018-08-06,1,5,0
2018-08-07,0,4,0
2018-08-08,3,1,14
2018-08-09,0,3,2
2018-08-10,0,0,7
2018-08-11,6,0,4
2018-08-12,1,0,3
2018-08-13,1,2,7
2018-08-14,0,0,10
2018-08-15,2,9,7
2018-08-16,0,1,56
2018-08-17,2,6,0
2018-08-18,0,1,0
2018-08-19,5,0,0
2018-08-20,3,1,5
2018-08-21,0,3,4
2018-08-22,0,3,9
2018-08-23,0,5,2
2018-08-24,0,5,0
2018-08-25,0,1,0
2018-08-26,0,1,0
2018-08-27,2,0,4
2018-08-28,5,0,0
2018-08-29,2,1,0
2018-08-30,9,0,10
2018-08-31,3,2,11
2018-09-01,0,0,0
